[INFO] [launch]: All log files can be found below /home/oy/.ros/log/2026-09-06-10-40-17-599115-OY-16236
[INFO] [launch]: Default logging verbosity is set to INFO
[INFO] [launch.user]: gz_ros2_control_plugin=/opt/ros/jazzy/lib/libgz_ros2_control-system.so
[INFO] [launch.user]: ign_partition=cs625_1788662417
[INFO] [launch.user]: CS625 sim_base profile: cs625
[INFO] [launch.user]: execute=false (safe default is false)

[INFO] [parameter_bridge-1]: process started with pid [16243]
[INFO] [gazebo-2]: process started with pid [16244]
[INFO] [python3-3]: process started with pid [16245]
[INFO] [parameter_bridge-4]: process started with pid [16246]
[INFO] [rgbd_sensor_adapter-5]: process started with pid [16247]
[INFO] [candidate_generator-6]: process started with pid [16249]
[INFO] [reachability_filter-7]: process started with pid [16250]
[parameter_bridge-1] [INFO] [1788662418.352983354] [clock_bridge]: Creating GZ->ROS Bridge: [/clock (gz.msgs.Clock) -> /clock (rosgraph_msgs/msg/Clock)] (Lazy 0)
[gazebo-2] [1;33m[Wrn] [SystemLoader.cc:75] [0m[1;33mTrying to load deprecated plugin [[0m[1;33mignition-gazebo-physics-system[0m[1;33m]. Using [[0m[1;33mgz-sim-physics-system[0m[1;33m] instead.[0m[1;33m[0m
[python3-3] Prepared Gazebo model at docs/evidence/minimum_showcase_matrix_20260906_r1/models/occlusion_medium_random_reachable_seed20.urdf (removed 8 mesh visual elements).
[INFO] [python3-3]: process has finished cleanly [pid 16245]
[INFO] [create-8]: process started with pid [16313]
[gazebo-2] [1;33m[Wrn] [SystemLoader.cc:75] [0m[1;33mTrying to load deprecated plugin [[0m[1;33mignition-gazebo-sensors-system[0m[1;33m]. Using [[0m[1;33mgz-sim-sensors-system[0m[1;33m] instead.[0m[1;33m[0m
[gazebo-2] [1;33m[Wrn] [SystemLoader.cc:75] [0m[1;33mTrying to load deprecated plugin [[0m[1;33mignition-gazebo-user-commands-system[0m[1;33m]. Using [[0m[1;33mgz-sim-user-commands-system[0m[1;33m] instead.[0m[1;33m[0m
[gazebo-2] [1;32m[Msg] [0m[1;32mGazebo Sim Server v[0m[1;32m8.11.0[0m[1;32m[0m
[gazebo-2] [1;32m[Msg] [0m[1;32mLoading SDF world file[[0m[1;32m/home/oy/cs625_p56_install/share/cs625_simulation/worlds/occlusion_medium.sdf[0m[1;32m].[0m
[gazebo-2] [1;32m[Msg] [0m[1;32mServing entity system service on [[0m[1;32m/[0m[1;32mentity/system/add[0m[1;32m][0m[1;32m[0m
[gazebo-2] [1;36m[Dbg] [Physics.cc:906] [0m[1;36mLoaded [[0m[1;36mgz::physics::dartsim::Plugin[0m[1;36m] from library [[0m[1;36m/opt/ros/jazzy/opt/gz_physics_vendor/lib/gz-physics-7/engine-plugins/libgz-physics-dartsim-plugin.so[0m[1;36m][0m[1;36m[0m
[gazebo-2] [1;36m[Dbg] [SystemManager.cc:80] [0m[1;36mLoaded system [[0m[1;36mgz::sim::systems::Physics[0m[1;36m] for entity [[0m[1;36m1[0m[1;36m][0m[1;36m[0m
[gazebo-2] [1;36m[Dbg] [Sensors.cc:697] [0m[1;36mConfiguring Sensors system[0m[1;36m[0m
[gazebo-2] [1;36m[Dbg] [Sensors.cc:557] [0m[1;36mSensorsPrivate::Run[0m[1;36m[0m
[gazebo-2] [1;36m[Dbg] [SystemManager.cc:80] [0m[1;36mLoaded system [[0m[1;36mgz::sim::systems::Sensors[0m[1;36m] for entity [[0m[1;36m1[0m[1;36m][0m[1;36m[0m
[gazebo-2] [1;36m[Dbg] [Sensors.cc:532] [0m[1;36mSensorsPrivate::RenderThread started[0m[1;36m[0m
[gazebo-2] [1;36m[Dbg] [Sensors.cc:337] [0m[1;36mWaiting for init[0m[1;36m[0m
[gazebo-2] [1;32m[Msg] [0m[1;32mCreate[0m[1;32m service on [[0m[1;32m/world/occlusion_medium/create_multiple[0m[1;32m] (async)[0m[1;32m[0m
[gazebo-2] [1;32m[Msg] [0m[1;32mCreate[0m[1;32m service on [[0m[1;32m/world/occlusion_medium/create_multiple/blocking[0m[1;32m] (blocking)[0m[1;32m[0m
[gazebo-2] [1;32m[Msg] [0m[1;32mRemove[0m[1;32m service on [[0m[1;32m/world/occlusion_medium/remove[0m[1;32m] (async)[0m[1;32m[0m
[gazebo-2] [1;32m[Msg] [0m[1;32mRemove[0m[1;32m service on [[0m[1;32m/world/occlusion_medium/remove/blocking[0m[1;32m] (blocking)[0m[1;32m[0m
[gazebo-2] [1;32m[Msg] [0m[1;32mPose[0m[1;32m service on [[0m[1;32m/world/occlusion_medium/set_pose[0m[1;32m] (async)[0m[1;32m[0m
[gazebo-2] [1;32m[Msg] [0m[1;32mPose[0m[1;32m service on [[0m[1;32m/world/occlusion_medium/set_pose/blocking[0m[1;32m] (blocking)[0m[1;32m[0m
[gazebo-2] [1;32m[Msg] [0m[1;32mPose[0m[1;32m service on [[0m[1;32m/world/occlusion_medium/set_pose_vector[0m[1;32m] (async)[0m[1;32m[0m
[gazebo-2] [1;32m[Msg] [0m[1;32mPose[0m[1;32m service on [[0m[1;32m/world/occlusion_medium/set_pose_vector/blocking[0m[1;32m] (blocking)[0m[1;32m[0m
[gazebo-2] [1;32m[Msg] [0m[1;32mLight configuration[0m[1;32m service on [[0m[1;32m/world/occlusion_medium/light_config[0m[1;32m] (async)[0m[1;32m[0m
[gazebo-2] [1;32m[Msg] [0m[1;32mLight configuration[0m[1;32m service on [[0m[1;32m/world/occlusion_medium/light_config/blocking[0m[1;32m] (blocking)[0m[1;32m[0m
[gazebo-2] [1;32m[Msg] [0m[1;32mPhysics[0m[1;32m service on [[0m[1;32m/world/occlusion_medium/set_physics[0m[1;32m] (async)[0m[1;32m[0m
[gazebo-2] [1;32m[Msg] [0m[1;32mPhysics[0m[1;32m service on [[0m[1;32m/world/occlusion_medium/set_physics/blocking[0m[1;32m] (blocking)[0m[1;32m[0m
[gazebo-2] [1;32m[Msg] [0m[1;32mSphericalCoordinates[0m[1;32m service on [[0m[1;32m/world/occlusion_medium/set_spherical_coordinates[0m[1;32m] (async)[0m[1;32m[0m
[gazebo-2] [1;32m[Msg] [0m[1;32mSphericalCoordinates[0m[1;32m service on [[0m[1;32m/world/occlusion_medium/set_spherical_coordinates/blocking[0m[1;32m] (blocking)[0m[1;32m[0m
[gazebo-2] [1;32m[Msg] [0m[1;32mEnable collision[0m[1;32m service on [[0m[1;32m/world/occlusion_medium/enable_collision[0m[1;32m] (async)[0m[1;32m[0m
[gazebo-2] [1;32m[Msg] [0m[1;32mEnable collision[0m[1;32m service on [[0m[1;32m/world/occlusion_medium/enable_collision/blocking[0m[1;32m] (blocking)[0m[1;32m[0m
[gazebo-2] [1;32m[Msg] [0m[1;32mDisable collision[0m[1;32m service on [[0m[1;32m/world/occlusion_medium/disable_collision[0m[1;32m] (async)[0m[1;32m[0m
[gazebo-2] [1;32m[Msg] [0m[1;32mDisable collision[0m[1;32m service on [[0m[1;32m/world/occlusion_medium/disable_collision/blocking[0m[1;32m] (blocking)[0m[1;32m[0m
[gazebo-2] [1;32m[Msg] [0m[1;32mMaterial[0m[1;32m service on [[0m[1;32m/world/occlusion_medium/visual_config[0m[1;32m] (async)[0m[1;32m[0m
[gazebo-2] [1;33m[Wrn] [SystemLoader.cc:75] [0m[1;33mTrying to load deprecated plugin [[0m[1;33mignition-gazebo-scene-broadcaster-system[0m[1;33m]. Using [[0m[1;33mgz-sim-scene-broadcaster-system[0m[1;33m] instead.[0m[1;33m[0m
[create-8] [INFO] [1788662418.819941487] [cs625_spawn_robot]: Requesting list of world names.
[rgbd_sensor_adapter-5] [INFO] [1788662418.977852598] [cs625_sensor_adapter]: RGB-D adapter configured for streams: color, depth, camera_info, points
[create-8] [INFO] [1788662419.022545961] [cs625_spawn_robot]: Entity creation successful.
[INFO] [create-8]: process has finished cleanly [pid 16313]
[parameter_bridge-4] [INFO] [1788662419.363931386] [cs625_sim_sensor_bridge]: Creating GZ->ROS Bridge: [/camera/image (gz.msgs.Image) -> /sim/camera/image (sensor_msgs/msg/Image)] (Lazy 0)
[parameter_bridge-4] [INFO] [1788662419.368922427] [cs625_sim_sensor_bridge]: Creating GZ->ROS Bridge: [/camera/depth_image (gz.msgs.Image) -> /sim/camera/depth_image (sensor_msgs/msg/Image)] (Lazy 0)
[parameter_bridge-4] [INFO] [1788662419.370180546] [cs625_sim_sensor_bridge]: Creating GZ->ROS Bridge: [/camera/camera_info (gz.msgs.CameraInfo) -> /sim/camera/camera_info (sensor_msgs/msg/CameraInfo)] (Lazy 0)
[parameter_bridge-4] [INFO] [1788662419.371343776] [cs625_sim_sensor_bridge]: Creating GZ->ROS Bridge: [/camera/points (gz.msgs.PointCloudPacked) -> /sim/camera/points (sensor_msgs/msg/PointCloud2)] (Lazy 0)
[gazebo-2] [INFO] [1788662420.950718984] [gz_ros_control]: [gz_ros2_control] Fixed joint ['base_joint'] (Entity='45') is skipped.
[gazebo-2] [INFO] [1788662420.954048415] [gz_ros_control]: Loading controller_manager
[gazebo-2] [INFO] [1788662421.351031390] [controller_manager]: Using ROS clock for triggering controller manager cycles.
[gazebo-2] [INFO] [1788662421.363860721] [controller_manager]: Subscribing to '/robot_description' topic for robot description.
[gazebo-2] [WARN] [1788662421.386589687] [gz_ros_control]: Waiting RM to load and initialize hardware...
[gazebo-2] [WARN] [1788662422.359881673] [controller_manager]: Waiting for data on 'robot_description' topic to finish initialization
[gazebo-2] [WARN] [1788662423.363464625] [controller_manager]: Waiting for data on 'robot_description' topic to finish initialization
[gazebo-2] [WARN] [1788662423.386799600] [gz_ros_control]: Waiting RM to load and initialize hardware...
[gazebo-2] [WARN] [1788662424.359786226] [controller_manager]: Waiting for data on 'robot_description' topic to finish initialization
[gazebo-2] [WARN] [1788662425.359690211] [controller_manager]: Waiting for data on 'robot_description' topic to finish initialization
[gazebo-2] [WARN] [1788662425.387187062] [gz_ros_control]: Waiting RM to load and initialize hardware...
[gazebo-2] [1;32m[Msg] [0m[1;32mMaterial[0m[1;32m service on [[0m[1;32m/world/occlusion_medium/visual_config/blocking[0m[1;32m] (blocking)[0m[1;32m[0m
[gazebo-2] [1;32m[Msg] [0m[1;32mMaterial[0m[1;32m service on [[0m[1;32m/world/occlusion_medium/wheel_slip[0m[1;32m] (async)[0m[1;32m[0m
[gazebo-2] [1;32m[Msg] [0m[1;32mMaterial[0m[1;32m service on [[0m[1;32m/world/occlusion_medium/wheel_slip/blocking[0m[1;32m] (blocking)[0m[1;32m[0m
[gazebo-2] [1;36m[Dbg] [SystemManager.cc:80] [0m[1;36mLoaded system [[0m[1;36mgz::sim::systems::UserCommands[0m[1;36m] for entity [[0m[1;36m1[0m[1;36m][0m[1;36m[0m
[gazebo-2] [1;36m[Dbg] [SystemManager.cc:80] [0m[1;36mLoaded system [[0m[1;36mgz::sim::systems::SceneBroadcaster[0m[1;36m] for entity [[0m[1;36m1[0m[1;36m][0m[1;36m[0m
[gazebo-2] [1;32m[Msg] [0m[1;32mLoaded level [[0m[1;32mdefault[0m[1;32m][0m[1;32m[0m
[gazebo-2] [1;32m[Msg] [0m[1;32mServing world controls on [[0m[1;32m/world/occlusion_medium[0m[1;32m/control], [[0m[1;32m/world/occlusion_medium[0m[1;32m/control/state] and [[0m[1;32m/world/occlusion_medium[0m[1;32m/playback/control][0m[1;32m[0m
[gazebo-2] [1;32m[Msg] [0m[1;32mServing GUI information on [[0m[1;32m/world/occlusion_medium[0m[1;32m/[0m[1;32mgui/info[0m[1;32m][0m[1;32m[0m
[gazebo-2] [1;32m[Msg] [0m[1;32mWorld [[0m[1;32mocclusion_medium[0m[1;32m] initialized with [[0m[1;32m1ms[0m[1;32m] physics profile.[0m[1;32m[0m
[gazebo-2] [1;32m[Msg] [0m[1;32mServing world SDF generation service on [[0m[1;32m/world/occlusion_medium[0m[1;32m/[0m[1;32mgenerate_world_sdf[0m[1;32m][0m[1;32m[0m
[gazebo-2] [1;32m[Msg] [0m[1;32mServing world names on [[0m[1;32m/gazebo/worlds[0m[1;32m][0m[1;32m[0m
[gazebo-2] [1;32m[Msg] [0m[1;32mResource path add service on [[0m[1;32m/gazebo/resource_paths/add[0m[1;32m].[0m[1;32m[0m
[gazebo-2] [1;32m[Msg] [0m[1;32mResource path get service on [[0m[1;32m/gazebo/resource_paths/get[0m[1;32m].[0m[1;32m[0m
[gazebo-2] [1;32m[Msg] [0m[1;32mResource path resolve service on [[0m[1;32m/gazebo/resource_paths/resolve[0m[1;32m].[0m[1;32m[0m
[gazebo-2] [1;32m[Msg] [0m[1;32mResource paths published on [[0m[1;32m/gazebo/resource_paths[0m[1;32m].[0m[1;32m[0m
[gazebo-2] [1;32m[Msg] [0m[1;32mServer control service on [[0m[1;32m/server_control[0m[1;32m].[0m[1;32m[0m
[gazebo-2] [1;32m[Msg] [0m[1;32mFound no publishers on /stats, adding root stats topic[0m[1;32m[0m
[gazebo-2] [1;32m[Msg] [0m[1;32mFound no publishers on /clock, adding root clock topic[0m[1;32m[0m
[gazebo-2] [1;36m[Dbg] [SimulationRunner.cc:551] [0m[1;36mCreating PostUpdate worker threads: [0m[1;36m3[0m[1;36m[0m
[gazebo-2] [1;36m[Dbg] [SimulationRunner.cc:562] [0m[1;36mCreating postupdate worker thread ([0m[1;36m0[0m[1;36m)[0m[1;36m[0m
[gazebo-2] [1;36m[Dbg] [SimulationRunner.cc:562] [0m[1;36mCreating postupdate worker thread ([0m[1;36m1[0m[1;36m)[0m[1;36m[0m
[INFO] [robot_state_publisher-9]: process started with pid [16411]
[robot_state_publisher-9] [INFO] [1788662426.217126107] [robot_state_publisher]: Robot initialized
[gazebo-2] [WARN] [1788662426.359725508] [controller_manager]: Waiting for data on 'robot_description' topic to finish initialization
[gazebo-2] [INFO] [1788662426.435149784] [controller_manager]: Received robot description from topic.
[gazebo-2] [INFO] [1788662426.435275291] [controller_manager]: Enforcing command limits is disabled. Command limits from URDF will be ignored.
[gazebo-2] [INFO] [1788662426.443177990] [gz_ros_control]: The position_proportional_gain has been set to: 0.5
[gazebo-2] [INFO] [1788662426.443322121] [gz_ros_control]: Loading joint: shoulder_pan_joint
[gazebo-2] [INFO] [1788662426.443335104] [gz_ros_control]: 	State:
[gazebo-2] [INFO] [1788662426.443344682] [gz_ros_control]: 		 position
[gazebo-2] [INFO] [1788662426.443370929] [gz_ros_control]: 			 found initial value: 0.000000
[gazebo-2] [INFO] [1788662426.443386026] [gz_ros_control]: 		 velocity
[gazebo-2] [INFO] [1788662426.443398539] [gz_ros_control]: 		 effort
[gazebo-2] [INFO] [1788662426.443405912] [gz_ros_control]: 	Command:
[gazebo-2] [INFO] [1788662426.443411853] [gz_ros_control]: 		 position
[gazebo-2] [INFO] [1788662426.443425959] [gz_ros_control]: 		 velocity
[gazebo-2] [INFO] [1788662426.443440295] [gz_ros_control]: Loading joint: shoulder_lift_joint
[gazebo-2] [INFO] [1788662426.443446967] [gz_ros_control]: 	State:
[gazebo-2] [INFO] [1788662426.443452597] [gz_ros_control]: 		 position
[gazebo-2] [INFO] [1788662426.443457806] [gz_ros_control]: 			 found initial value: 0.000000
[gazebo-2] [INFO] [1788662426.443464128] [gz_ros_control]: 		 velocity
[gazebo-2] [INFO] [1788662426.443471191] [gz_ros_control]: 		 effort
[gazebo-2] [INFO] [1788662426.443476851] [gz_ros_control]: 	Command:
[gazebo-2] [INFO] [1788662426.443482100] [gz_ros_control]: 		 position
[gazebo-2] [INFO] [1788662426.443491628] [gz_ros_control]: 		 velocity
[gazebo-2] [INFO] [1788662426.443503539] [gz_ros_control]: Loading joint: elbow_joint
[gazebo-2] [INFO] [1788662426.443509921] [gz_ros_control]: 	State:
[gazebo-2] [INFO] [1788662426.443515411] [gz_ros_control]: 		 position
[gazebo-2] [INFO] [1788662426.443520740] [gz_ros_control]: 			 found initial value: 0.000000
[gazebo-2] [INFO] [1788662426.443531981] [gz_ros_control]: 		 velocity
[gazebo-2] [INFO] [1788662426.443537641] [gz_ros_control]: 		 effort
[gazebo-2] [INFO] [1788662426.443544373] [gz_ros_control]: 	Command:
[gazebo-2] [INFO] [1788662426.443549933] [gz_ros_control]: 		 position
[gazebo-2] [INFO] [1788662426.443559791] [gz_ros_control]: 		 velocity
[gazebo-2] [INFO] [1788662426.443571202] [gz_ros_control]: Loading joint: wrist_1_joint
[gazebo-2] [INFO] [1788662426.443577573] [gz_ros_control]: 	State:
[gazebo-2] [INFO] [1788662426.443582903] [gz_ros_control]: 		 position
[gazebo-2] [INFO] [1788662426.443588553] [gz_ros_control]: 			 found initial value: 0.000000
[gazebo-2] [INFO] [1788662426.443594764] [gz_ros_control]: 		 velocity
[gazebo-2] [INFO] [1788662426.443600164] [gz_ros_control]: 		 effort
[gazebo-2] [INFO] [1788662426.443605374] [gz_ros_control]: 	Command:
[gazebo-2] [INFO] [1788662426.443610563] [gz_ros_control]: 		 position
[gazebo-2] [INFO] [1788662426.443618658] [gz_ros_control]: 		 velocity
[gazebo-2] [INFO] [1788662426.443629788] [gz_ros_control]: Loading joint: wrist_2_joint
[gazebo-2] [INFO] [1788662426.443635558] [gz_ros_control]: 	State:
[gazebo-2] [INFO] [1788662426.443641138] [gz_ros_control]: 		 position
[gazebo-2] [INFO] [1788662426.443646388] [gz_ros_control]: 			 found initial value: 0.000000
[gazebo-2] [INFO] [1788662426.443652238] [gz_ros_control]: 		 velocity
[gazebo-2] [INFO] [1788662426.443657989] [gz_ros_control]: 		 effort
[gazebo-2] [INFO] [1788662426.443663569] [gz_ros_control]: 	Command:
[gazebo-2] [INFO] [1788662426.443669009] [gz_ros_control]: 		 position
[gazebo-2] [INFO] [1788662426.443678215] [gz_ros_control]: 		 velocity
[gazebo-2] [INFO] [1788662426.443689326] [gz_ros_control]: Loading joint: wrist_3_joint
[gazebo-2] [INFO] [1788662426.443695717] [gz_ros_control]: 	State:
[gazebo-2] [INFO] [1788662426.443701107] [gz_ros_control]: 		 position
[gazebo-2] [INFO] [1788662426.443706547] [gz_ros_control]: 			 found initial value: 0.000000
[gazebo-2] [INFO] [1788662426.443712397] [gz_ros_control]: 		 velocity
[gazebo-2] [INFO] [1788662426.443719731] [gz_ros_control]: 		 effort
[gazebo-2] [INFO] [1788662426.443725331] [gz_ros_control]: 	Command:
[gazebo-2] [INFO] [1788662426.443730500] [gz_ros_control]: 		 position
[gazebo-2] [INFO] [1788662426.443738465] [gz_ros_control]: 		 velocity
[gazebo-2] [INFO] [1788662426.443895499] [controller_manager]: Initialize hardware 'cs' 
[gazebo-2] [WARN] [1788662426.443923009] [controller_manager.hardware_component.system.cs]: Executor is not available during hardware component initialization for 'cs'. Skipping node creation!
[gazebo-2] [INFO] [1788662426.444059055] [controller_manager]: Successful initialization of hardware 'cs'
[gazebo-2] [INFO] [1788662426.444378669] [gz_ros_control]: The position_proportional_gain has been set to: 0.5
[gazebo-2] [INFO] [1788662426.444410747] [gz_ros_control]: Loading joint: gripper_right_finger_joint
[gazebo-2] [INFO] [1788662426.444419673] [gz_ros_control]: 	State:
[gazebo-2] [INFO] [1788662426.444426676] [gz_ros_control]: 		 position
[gazebo-2] [INFO] [1788662426.444434740] [gz_ros_control]: 			 found initial value: 0.030000
[gazebo-2] [INFO] [1788662426.444444378] [gz_ros_control]: 		 velocity
[gazebo-2] [INFO] [1788662426.444451791] [gz_ros_control]: 		 effort
[gazebo-2] [INFO] [1788662426.444458153] [gz_ros_control]: 	Command:
[gazebo-2] [INFO] [1788662426.444464264] [gz_ros_control]: 		 position
[gazebo-2] [INFO] [1788662426.444482847] [gz_ros_control]: Loading joint: gripper_left_finger_joint
[gazebo-2] [INFO] [1788662426.444492595] [gz_ros_control]: Joint 'gripper_left_finger_joint'is mimicking joint 'gripper_right_finger_joint' with multiplier: 1 and offset: 0
[gazebo-2] [INFO] [1788662426.444502503] [gz_ros_control]: 	State:
[gazebo-2] [INFO] [1788662426.444508193] [gz_ros_control]: 		 position
[gazebo-2] [INFO] [1788662426.444514174] [gz_ros_control]: 		 velocity
[gazebo-2] [INFO] [1788662426.444520495] [gz_ros_control]: 		 effort
[gazebo-2] [INFO] [1788662426.444526025] [gz_ros_control]: 	Command:
[gazebo-2] [INFO] [1788662426.444581867] [controller_manager]: Initialize hardware 'cs625_parallel_gripper' 
[gazebo-2] [WARN] [1788662426.444611290] [controller_manager.hardware_component.system.cs625_parallel_gripper]: Executor is not available during hardware component initialization for 'cs625_parallel_gripper'. Skipping node creation!
[gazebo-2] [INFO] [1788662426.444646814] [controller_manager]: Successful initialization of hardware 'cs625_parallel_gripper'
[gazebo-2] [INFO] [1788662426.444727791] [controller_manager]: Activating component 'cs625_parallel_gripper'.
[gazebo-2] [INFO] [1788662426.444746435] [resource_manager]: 'configure' hardware 'cs625_parallel_gripper' 
[gazebo-2] [INFO] [1788662426.444757034] [gz_ros_control]: System Successfully configured!
[gazebo-2] [INFO] [1788662426.444765389] [resource_manager]: Successful 'configure' of hardware 'cs625_parallel_gripper'
[gazebo-2] [INFO] [1788662426.444777020] [resource_manager]: 'activate' hardware 'cs625_parallel_gripper' 
[gazebo-2] [INFO] [1788662426.444802205] [resource_manager]: Successful 'activate' of hardware 'cs625_parallel_gripper'
[gazebo-2] [INFO] [1788662426.444907576] [controller_manager]: Activating component 'cs'.
[gazebo-2] [INFO] [1788662426.444917033] [resource_manager]: 'configure' hardware 'cs' 
[gazebo-2] [INFO] [1788662426.444921602] [gz_ros_control]: System Successfully configured!
[gazebo-2] [INFO] [1788662426.444928324] [resource_manager]: Successful 'configure' of hardware 'cs'
[gazebo-2] [INFO] [1788662426.444935016] [resource_manager]: 'activate' hardware 'cs' 
[gazebo-2] [INFO] [1788662426.444939394] [resource_manager]: Successful 'activate' of hardware 'cs'
[gazebo-2] [WARN] [1788662426.444971742] [controller_manager]: Component 'cs625_parallel_gripper' does not have read or write statistics initialized, skipping registration.
[gazebo-2] [WARN] [1788662426.444980088] [controller_manager]: Component 'cs' does not have read or write statistics initialized, skipping registration.
[gazebo-2] [INFO] [1788662426.444989585] [controller_manager]: Resource Manager has been successfully initialized. Starting Controller Manager services...
[gazebo-2] [1;31m[Err] [Physics.cc:1808] [0m[1;31mAttempting to create a mimic constraint for joint [[0m[1;31mgripper_left_finger_joint[0m[1;31m] but the chosen physics engine does not support [0m[1;31mmimic constraints, so no constraint will be [0m[1;31mcreated.[0m[1;31m[0m
[gazebo-2] [1;36m[Dbg] [SystemManager.cc:80] [0m[1;36mLoaded system [[0m[1;36mgz_ros2_control::GazeboSimROS2ControlPlugin[0m[1;36m] for entity [[0m[1;36m18[0m[1;36m][0m[1;36m[0m
[gazebo-2] [1;36m[Dbg] [DetachableJoint.cc:137] [0m[1;36mDetach topic is: [0m[1;36m/p7/attachment/detach[0m[1;36m[0m
[gazebo-2] [1;36m[Dbg] [DetachableJoint.cc:143] [0m[1;36mDetachableJoint subscribing to messages on [0m[1;36m[[0m[1;36m/p7/attachment/detach[0m[1;36m][0m[1;36m[0m
[gazebo-2] [1;36m[Dbg] [DetachableJoint.cc:160] [0m[1;36mAttach topic is: [0m[1;36m/p7/attachment/attach[0m[1;36m[0m
[gazebo-2] [1;36m[Dbg] [DetachableJoint.cc:195] [0m[1;36mOutput topic is: [0m[1;36m/p7/attachment/state[0m[1;36m[0m
[gazebo-2] [1;36m[Dbg] [SystemManager.cc:80] [0m[1;36mLoaded system [[0m[1;36mgz::sim::systems::DetachableJoint[0m[1;36m] for entity [[0m[1;36m18[0m[1;36m][0m[1;36m[0m
[gazebo-2] [1;36m[Dbg] [UserCommands.cc:1094] [0m[1;36mCreated entity [[0m[1;36m18[0m[1;36m] named [[0m[1;36mcs[0m[1;36m][0m[1;36m[0m
[gazebo-2] [1;36m[Dbg] [SDFFeatures.cc:332] [0m[1;36mMesh construction from an SDF has not been implemented yet for [0m[1;36mdartsim. Use AttachMeshShapeFeature to use mesh shapes.[0m
[gazebo-2] [1;36m[Dbg] [SDFFeatures.cc:864] [0m[1;36mThe geometry element of collision [[0m[1;36mbase_link_inertia_collision[0m[1;36m] [0m[1;36mcouldn't be created[0m
[gazebo-2] [1;36m[Dbg] [SDFFeatures.cc:332] [0m[1;36mMesh construction from an SDF has not been implemented yet for [0m[1;36mdartsim. Use AttachMeshShapeFeature to use mesh shapes.[0m
[gazebo-2] [1;36m[Dbg] [SDFFeatures.cc:864] [0m[1;36mThe geometry element of collision [[0m[1;36mshoulder_link_collision[0m[1;36m] [0m[1;36mcouldn't be created[0m
[gazebo-2] [1;36m[Dbg] [SDFFeatures.cc:332] [0m[1;36mMesh construction from an SDF has not been implemented yet for [0m[1;36mdartsim. Use AttachMeshShapeFeature to use mesh shapes.[0m
[gazebo-2] [1;36m[Dbg] [SDFFeatures.cc:864] [0m[1;36mThe geometry element of collision [[0m[1;36mupperarm_link_collision[0m[1;36m] [0m[1;36mcouldn't be created[0m
[gazebo-2] [1;36m[Dbg] [SDFFeatures.cc:332] [0m[1;36mMesh construction from an SDF has not been implemented yet for [0m[1;36mdartsim. Use AttachMeshShapeFeature to use mesh shapes.[0m
[gazebo-2] [1;36m[Dbg] [SDFFeatures.cc:864] [0m[1;36mThe geometry element of collision [[0m[1;36mforearm_link_collision[0m[1;36m] [0m[1;36mcouldn't be created[0m
[gazebo-2] [1;36m[Dbg] [SDFFeatures.cc:332] [0m[1;36mMesh construction from an SDF has not been implemented yet for [0m[1;36mdartsim. Use AttachMeshShapeFeature to use mesh shapes.[0m
[gazebo-2] [1;36m[Dbg] [SDFFeatures.cc:864] [0m[1;36mThe geometry element of collision [[0m[1;36mwrist_1_link_collision[0m[1;36m] [0m[1;36mcouldn't be created[0m
[gazebo-2] [1;36m[Dbg] [SDFFeatures.cc:332] [0m[1;36mMesh construction from an SDF has not been implemented yet for [0m[1;36mdartsim. Use AttachMeshShapeFeature to use mesh shapes.[0m
[gazebo-2] [1;36m[Dbg] [SDFFeatures.cc:864] [0m[1;36mThe geometry element of collision [[0m[1;36mwrist_2_link_collision[0m[1;36m] [0m[1;36mcouldn't be created[0m
[gazebo-2] [1;36m[Dbg] [SDFFeatures.cc:332] [0m[1;36mMesh construction from an SDF has not been implemented yet for [0m[1;36mdartsim. Use AttachMeshShapeFeature to use mesh shapes.[0m
[gazebo-2] [1;36m[Dbg] [SDFFeatures.cc:864] [0m[1;36mThe geometry element of collision [[0m[1;36mwrist_3_link_collision[0m[1;36m] [0m[1;36mcouldn't be created[0m
[gazebo-2] [1;36m[Dbg] [SDFFeatures.cc:332] [0m[1;36mMesh construction from an SDF has not been implemented yet for [0m[1;36mdartsim. Use AttachMeshShapeFeature to use mesh shapes.[0m
[gazebo-2] [1;36m[Dbg] [SDFFeatures.cc:864] [0m[1;36mThe geometry element of collision [[0m[1;36mwrist_3_link_fixed_joint_lump__my_end_effector_link_collision_1[0m[1;36m] [0m[1;36mcouldn't be created[0m
[gazebo-2] [1;36m[Dbg] [Sensors.cc:953] [0m[1;36mInitialization needed[0m[1;36m[0m
[gazebo-2] [1;36m[Dbg] [Sensors.cc:349] [0m[1;36mInitializing render context[0m[1;36m[0m
[gazebo-2] [1;32m[Msg] [0m[1;32mLoading plugin [[0m[1;32mgz-rendering-ogre2[0m[1;32m][0m[1;32m[0m
[gazebo-2] [WARN] [1788662427.553909691] [gz_ros_control]:  Desired controller update period (0.01 s) is slower than the gazebo simulation period (0.001 s).
[INFO] [move_group-10]: process started with pid [16523]
[move_group-10] [WARN] [1788662430.705708242] [rcl.logging_rosout]: Publisher already registered for node name: 'move_group'. If this is due to multiple nodes with the same name then all logs for the logger named 'move_group' will go out over the existing publisher. As soon as any node with that name is destructed it will unregister the publisher, preventing any further logs for that name from being published on the rosout topic.
[move_group-10] [INFO] [1788662430.725456978] [move_group.move_group.moveit.ros.rdf_loader]: Loaded robot model in 0 seconds
[move_group-10] [INFO] [1788662430.725629487] [move_group.move_group.moveit.core.robot_model]: Loading robot model 'cs625'...
[move_group-10] [INFO] [1788662430.796514420] [move_group.move_group.moveit.kinematics.kdl_kinematics_plugin]: Joint weights for group 'cs625_arm': 1 1 1 1 1 1
[gazebo-2] [1;32m[Msg] [0m[1;32mServing scene information on [[0m[1;32m/world/occlusion_medium[0m[1;32m/[0m[1;32mscene/info[0m[1;32m][0m[1;32m[0m
[gazebo-2] [1;32m[Msg] [0m[1;32mServing graph information on [[0m[1;32m/world/occlusion_medium[0m[1;32m/[0m[1;32mscene/graph[0m[1;32m][0m[1;32m[0m
[gazebo-2] [1;32m[Msg] [0m[1;32mServing full state on [[0m[1;32m/world/occlusion_medium[0m[1;32m/[0m[1;32mstate[0m[1;32m][0m[1;32m[0m
[gazebo-2] [1;32m[Msg] [0m[1;32mServing full state (async) on [[0m[1;32m/world/occlusion_medium[0m[1;32m/[0m[1;32mstate_async[0m[1;32m][0m[1;32m[0m
[gazebo-2] [1;32m[Msg] [0m[1;32mPublishing scene information on [[0m[1;32m/world/occlusion_medium/scene/info[0m[1;32m][0m[1;32m[0m
[gazebo-2] [1;32m[Msg] [0m[1;32mPublishing entity deletions on [[0m[1;32m/world/occlusion_medium/scene/deletion[0m[1;32m][0m[1;32m[0m
[gazebo-2] [1;32m[Msg] [0m[1;32mPublishing state changes on [[0m[1;32m/world/occlusion_medium/state[0m[1;32m][0m[1;32m[0m
[gazebo-2] [1;32m[Msg] [0m[1;32mPublishing pose messages on [[0m[1;32m/world/occlusion_medium[0m[1;32m/[0m[1;32mpose/info[0m[1;32m][0m[1;32m[0m
[gazebo-2] [1;32m[Msg] [0m[1;32mPublishing dynamic pose messages on [[0m[1;32m/world/occlusion_medium[0m[1;32m/[0m[1;32mdynamic_pose/info[0m[1;32m][0m[1;32m[0m
[gazebo-2] [1;36m[Dbg] [SimulationRunner.cc:578] [0m[1;36mExiting postupdate worker thread ([0m[1;36m1[0m[1;36m)[0m[1;36m[0m
[gazebo-2] [1;36m[Dbg] [SimulationRunner.cc:578] [0m[1;36mExiting postupdate worker thread ([0m[1;36m0[0m[1;36m)[0m[1;36m[0m
[gazebo-2] [1;36m[Dbg] [SimulationRunner.cc:551] [0m[1;36mCreating PostUpdate worker threads: [0m[1;36m4[0m[1;36m[0m
[gazebo-2] [1;36m[Dbg] [SimulationRunner.cc:562] [0m[1;36mCreating postupdate worker thread ([0m[1;36m0[0m[1;36m)[0m[1;36m[0m
[gazebo-2] [1;36m[Dbg] [SimulationRunner.cc:562] [0m[1;36mCreating postupdate worker thread ([0m[1;36m1[0m[1;36m)[0m[1;36m[0m
[gazebo-2] [1;36m[Dbg] [SimulationRunner.cc:562] [0m[1;36mCreating postupdate worker thread ([0m[1;36m2[0m[1;36m)[0m[1;36m[0m
[gazebo-2] [1;36m[Dbg] [DetachableJoint.cc:343] [0m[1;36mAttaching entity: [0m[1;36m54[0m[1;36m[0m
[gazebo-2] [1;36m[Dbg] [Physics.cc:1946] [0m[1;36mCreating detachable joint [[0m[1;36m54[0m[1;36m][0m[1;36m[0m
[gazebo-2] [1;36m[Dbg] [RenderUtil.cc:2646] [0m[1;36mCreate scene [[0m[1;36mscene[0m[1;36m][0m[1;36m[0m
[gazebo-2] [1;36m[Dbg] [Sensors.cc:391] [0m[1;36mRendering Thread initialized[0m[1;36m[0m
[gazebo-2] [1;36m[Dbg] [Sensors.cc:953] [0m[1;36mInitialization needed[0m[1;36m[0m
[gazebo-2] [1;36m[Dbg] [RgbdCameraSensor.cc:210] [0m[1;36mRGB images for [[0m[1;36mcs::wrist_3_link::camera_sensor[0m[1;36m] advertised on [[0m[1;36m/camera[0m[1;36m/image][0m[1;36m[0m
[gazebo-2] [1;36m[Dbg] [RgbdCameraSensor.cc:224] [0m[1;36mDepth images for [[0m[1;36mcs::wrist_3_link::camera_sensor[0m[1;36m] advertised on [[0m[1;36m/camera[0m[1;36m/depth_image][0m[1;36m[0m
[gazebo-2] [1;36m[Dbg] [RgbdCameraSensor.cc:238] [0m[1;36mPoints for [[0m[1;36mcs::wrist_3_link::camera_sensor[0m[1;36m] advertised on [[0m[1;36m/camera[0m[1;36m/points][0m[1;36m[0m
[gazebo-2] [1;36m[Dbg] [CameraSensor.cc:695] [0m[1;36mCamera info for [[0m[1;36mcs::wrist_3_link::camera_sensor[0m[1;36m] advertised on [[0m[1;36m/camera/camera_info[0m[1;36m][0m[1;36m[0m
[INFO] [spawner-11]: process started with pid [16542]
[move_group-10] [INFO] [1788662431.394673117] [move_group.move_group.moveit.ros.planning_scene_monitor]: Publishing maintained planning scene on 'monitored_planning_scene'
[move_group-10] [INFO] [1788662431.395135531] [move_group.move_group.moveit.ros.moveit_cpp]: Listening to 'joint_states' for joint states
[move_group-10] [INFO] [1788662431.397695510] [move_group.move_group.moveit.ros.current_state_monitor]: Listening to joint states on topic 'joint_states'
[move_group-10] [INFO] [1788662431.399513299] [move_group.move_group.moveit.ros.planning_scene_monitor]: Listening to '/attached_collision_object' for attached collision objects
[move_group-10] [INFO] [1788662431.399567850] [move_group.move_group.moveit.ros.planning_scene_monitor]: Stopping existing planning scene publisher.
[move_group-10] [INFO] [1788662431.399817238] [move_group.move_group.moveit.ros.planning_scene_monitor]: Stopped publishing maintained planning scene.
[move_group-10] [INFO] [1788662431.401294442] [move_group.move_group.moveit.ros.planning_scene_monitor]: Publishing maintained planning scene on 'monitored_planning_scene'
[move_group-10] [INFO] [1788662431.401512983] [move_group.move_group.moveit.ros.planning_scene_monitor]: Starting planning scene monitor
[move_group-10] [INFO] [1788662431.402867232] [move_group.move_group.moveit.ros.planning_scene_monitor]: Listening to '/planning_scene'
[move_group-10] [INFO] [1788662431.402968358] [move_group.move_group.moveit.ros.planning_scene_monitor]: Starting world geometry update monitor for collision objects, attached objects, octomap updates.
[move_group-10] [INFO] [1788662431.405559559] [move_group.move_group.moveit.ros.planning_scene_monitor]: Listening to 'collision_object'
[move_group-10] [INFO] [1788662431.407280220] [move_group.move_group.moveit.ros.planning_scene_monitor]: Listening to 'planning_scene_world' for planning scene world geometry
[move_group-10] [ERROR] [1788662431.407946284] [move_group.move_group.moveit.ros.occupancy_map_monitor]: Exception while loading octomap updater 'occupancy_map_monitor/PointCloudOctomapUpdater': According to the loaded plugin descriptions the class occupancy_map_monitor/PointCloudOctomapUpdater with base class type occupancy_map_monitor::OccupancyMapUpdater does not exist. Declared types are 
[move_group-10] 
[move_group-10] [ERROR] [1788662431.408076123] [move_group.move_group.moveit.ros.occupancy_map_monitor]: Failed to load sensor: `point_cloud_sensor` of type: `occupancy_map_monitor/PointCloudOctomapUpdater`
[move_group-10] [INFO] [1788662431.521608407] [move_group.move_group.moveit.ros.planning_pipeline]: Successfully loaded planner 'STOMP'
[move_group-10] [INFO] [1788662431.522978605] [move_group]: Try loading adapter 'default_planning_request_adapters/ResolveConstraintFrames'
[move_group-10] [INFO] [1788662431.524090197] [move_group]: Loaded adapter 'default_planning_request_adapters/ResolveConstraintFrames'
[move_group-10] [INFO] [1788662431.524136162] [move_group]: Try loading adapter 'default_planning_request_adapters/ValidateWorkspaceBounds'
[move_group-10] [INFO] [1788662431.524733830] [move_group]: Loaded adapter 'default_planning_request_adapters/ValidateWorkspaceBounds'
[move_group-10] [INFO] [1788662431.524761160] [move_group]: Try loading adapter 'default_planning_request_adapters/CheckStartStateBounds'
[move_group-10] [INFO] [1788662431.524798509] [move_group]: Loaded adapter 'default_planning_request_adapters/CheckStartStateBounds'
[move_group-10] [INFO] [1788662431.524811993] [move_group]: Try loading adapter 'default_planning_request_adapters/CheckStartStateCollision'
[move_group-10] [INFO] [1788662431.524838552] [move_group]: Loaded adapter 'default_planning_request_adapters/CheckStartStateCollision'
[move_group-10] [INFO] [1788662431.526865286] [move_group]: Try loading adapter 'default_planning_response_adapters/AddTimeOptimalParameterization'
[move_group-10] [INFO] [1788662431.530140268] [move_group]: Loaded adapter 'default_planning_response_adapters/AddTimeOptimalParameterization'
[move_group-10] [INFO] [1788662431.530184409] [move_group]: Try loading adapter 'default_planning_response_adapters/ValidateSolution'
[move_group-10] [INFO] [1788662431.534084135] [move_group]: Loaded adapter 'default_planning_response_adapters/ValidateSolution'
[move_group-10] [INFO] [1788662431.534152751] [move_group]: Try loading adapter 'default_planning_response_adapters/DisplayMotionPath'
[move_group-10] [INFO] [1788662431.535629885] [move_group]: Loaded adapter 'default_planning_response_adapters/DisplayMotionPath'
[move_group-10] [INFO] [1788662431.542034753] [move_group.move_group.moveit.planners.pilz.joint_limits_aggregator]: Reading limits from namespace robot_description_planning
[move_group-10] [INFO] [1788662431.556387535] [move_group.move_group.moveit.planners.pilz.command_planner]: Available plugins: pilz_industrial_motion_planner/PlanningContextLoaderCIRC pilz_industrial_motion_planner/PlanningContextLoaderLIN pilz_industrial_motion_planner/PlanningContextLoaderPTP 
[move_group-10] [INFO] [1788662431.556454728] [move_group.move_group.moveit.planners.pilz.command_planner]: About to load: pilz_industrial_motion_planner/PlanningContextLoaderCIRC
[move_group-10] [INFO] [1788662431.558788866] [move_group.move_group.moveit.planners.pilz.command_planner]: Registered Algorithm [CIRC]
[move_group-10] [INFO] [1788662431.558856971] [move_group.move_group.moveit.planners.pilz.command_planner]: About to load: pilz_industrial_motion_planner/PlanningContextLoaderLIN
[move_group-10] [INFO] [1788662431.560265960] [move_group.move_group.moveit.planners.pilz.command_planner]: Registered Algorithm [LIN]
[move_group-10] [INFO] [1788662431.560307757] [move_group.move_group.moveit.planners.pilz.command_planner]: About to load: pilz_industrial_motion_planner/PlanningContextLoaderPTP
[move_group-10] [INFO] [1788662431.561408169] [move_group.move_group.moveit.planners.pilz.command_planner]: Registered Algorithm [PTP]
[move_group-10] [INFO] [1788662431.561445808] [move_group.move_group.moveit.ros.planning_pipeline]: Successfully loaded planner 'Pilz Industrial Motion Planner'
[move_group-10] [INFO] [1788662431.562978805] [move_group]: Try loading adapter 'default_planning_request_adapters/ResolveConstraintFrames'
[move_group-10] [INFO] [1788662431.563144309] [move_group]: Loaded adapter 'default_planning_request_adapters/ResolveConstraintFrames'
[move_group-10] [INFO] [1788662431.563154537] [move_group]: Try loading adapter 'default_planning_request_adapters/ValidateWorkspaceBounds'
[move_group-10] [INFO] [1788662431.563774882] [move_group]: Loaded adapter 'default_planning_request_adapters/ValidateWorkspaceBounds'
[move_group-10] [INFO] [1788662431.563804056] [move_group]: Try loading adapter 'default_planning_request_adapters/CheckStartStateBounds'
[move_group-10] [INFO] [1788662431.563847646] [move_group]: Loaded adapter 'default_planning_request_adapters/CheckStartStateBounds'
[move_group-10] [INFO] [1788662431.563857644] [move_group]: Try loading adapter 'default_planning_request_adapters/CheckStartStateCollision'
[move_group-10] [INFO] [1788662431.563899531] [move_group]: Loaded adapter 'default_planning_request_adapters/CheckStartStateCollision'
[move_group-10] [INFO] [1788662431.565780999] [move_group]: Try loading adapter 'default_planning_response_adapters/ValidateSolution'
[move_group-10] [INFO] [1788662431.568959880] [move_group]: Loaded adapter 'default_planning_response_adapters/ValidateSolution'
[move_group-10] [INFO] [1788662431.569006415] [move_group]: Try loading adapter 'default_planning_response_adapters/DisplayMotionPath'
[move_group-10] [INFO] [1788662431.570251047] [move_group]: Loaded adapter 'default_planning_response_adapters/DisplayMotionPath'
[move_group-10] [INFO] [1788662431.588815321] [move_group.move_group.moveit.ros.planning_pipeline]: Successfully loaded planner 'OMPL'
[move_group-10] [INFO] [1788662431.590768490] [move_group]: Try loading adapter 'default_planning_request_adapters/ResolveConstraintFrames'
[move_group-10] [INFO] [1788662431.591039077] [move_group]: Loaded adapter 'default_planning_request_adapters/ResolveConstraintFrames'
[move_group-10] [INFO] [1788662431.591057551] [move_group]: Try loading adapter 'default_planning_request_adapters/ValidateWorkspaceBounds'
[move_group-10] [INFO] [1788662431.591776001] [move_group]: Loaded adapter 'default_planning_request_adapters/ValidateWorkspaceBounds'
[move_group-10] [INFO] [1788662431.591829469] [move_group]: Try loading adapter 'default_planning_request_adapters/CheckStartStateBounds'
[move_group-10] [INFO] [1788662431.591879771] [move_group]: Loaded adapter 'default_planning_request_adapters/CheckStartStateBounds'
[move_group-10] [INFO] [1788662431.591893056] [move_group]: Try loading adapter 'default_planning_request_adapters/CheckStartStateCollision'
[move_group-10] [INFO] [1788662431.591916499] [move_group]: Loaded adapter 'default_planning_request_adapters/CheckStartStateCollision'
[move_group-10] [INFO] [1788662431.593914340] [move_group]: Try loading adapter 'default_planning_response_adapters/AddTimeOptimalParameterization'
[move_group-10] [INFO] [1788662431.595563570] [move_group]: Loaded adapter 'default_planning_response_adapters/AddTimeOptimalParameterization'
[move_group-10] [INFO] [1788662431.595605557] [move_group]: Try loading adapter 'default_planning_response_adapters/ValidateSolution'
[move_group-10] [INFO] [1788662431.597219683] [move_group]: Loaded adapter 'default_planning_response_adapters/ValidateSolution'
[move_group-10] [INFO] [1788662431.597257001] [move_group]: Try loading adapter 'default_planning_response_adapters/DisplayMotionPath'
[move_group-10] [INFO] [1788662431.598385465] [move_group]: Loaded adapter 'default_planning_response_adapters/DisplayMotionPath'
[move_group-10] [INFO] [1788662431.605269814] [move_group.move_group.moveit.ros.planning_pipeline]: Successfully loaded planner 'CHOMP'
[move_group-10] [INFO] [1788662431.606997157] [move_group]: Try loading adapter 'default_planning_request_adapters/ResolveConstraintFrames'
[move_group-10] [INFO] [1788662431.607246576] [move_group]: Loaded adapter 'default_planning_request_adapters/ResolveConstraintFrames'
[move_group-10] [INFO] [1788662431.607265721] [move_group]: Try loading adapter 'default_planning_request_adapters/ValidateWorkspaceBounds'
[move_group-10] [INFO] [1788662431.607916276] [move_group]: Loaded adapter 'default_planning_request_adapters/ValidateWorkspaceBounds'
[move_group-10] [INFO] [1788662431.607937615] [move_group]: Try loading adapter 'default_planning_request_adapters/CheckStartStateBounds'
[move_group-10] [INFO] [1788662431.607994159] [move_group]: Loaded adapter 'default_planning_request_adapters/CheckStartStateBounds'
[move_group-10] [INFO] [1788662431.608007704] [move_group]: Try loading adapter 'default_planning_request_adapters/CheckStartStateCollision'
[move_group-10] [INFO] [1788662431.608022271] [move_group]: Loaded adapter 'default_planning_request_adapters/CheckStartStateCollision'
[move_group-10] [INFO] [1788662431.609982723] [move_group]: Try loading adapter 'default_planning_response_adapters/AddTimeOptimalParameterization'
[move_group-10] [INFO] [1788662431.611145079] [move_group]: Loaded adapter 'default_planning_response_adapters/AddTimeOptimalParameterization'
[move_group-10] [INFO] [1788662431.611168832] [move_group]: Try loading adapter 'default_planning_response_adapters/ValidateSolution'
[move_group-10] [INFO] [1788662431.612234020] [move_group]: Loaded adapter 'default_planning_response_adapters/ValidateSolution'
[move_group-10] [INFO] [1788662431.612261220] [move_group]: Try loading adapter 'default_planning_response_adapters/DisplayMotionPath'
[move_group-10] [INFO] [1788662431.613140094] [move_group]: Loaded adapter 'default_planning_response_adapters/DisplayMotionPath'
[move_group-10] [WARN] [1788662431.615641230] [rcl.logging_rosout]: Publisher already registered for node name: 'move_group'. If this is due to multiple nodes with the same name then all logs for the logger named 'move_group' will go out over the existing publisher. As soon as any node with that name is destructed it will unregister the publisher, preventing any further logs for that name from being published on the rosout topic.
[move_group-10] [INFO] [1788662431.714987024] [move_group.move_group.moveit.plugins.simple_controller_manager]: Added FollowJointTrajectory controller for joint_trajectory_controller
[move_group-10] [INFO] [1788662431.715260116] [move_group.move_group.moveit.plugins.simple_controller_manager]: Returned 1 controllers in list
[move_group-10] [INFO] [1788662431.715319195] [move_group.move_group.moveit.plugins.simple_controller_manager]: Returned 1 controllers in list
[move_group-10] [INFO] [1788662431.716635006] [move_group.move_group.moveit.ros.trajectory_execution_manager]: Trajectory execution is managing controllers
[move_group-10] [INFO] [1788662431.716676122] [move_group]: MoveGroup debug mode is ON
[move_group-10] [INFO] [1788662431.773833671] [move_group.move_group.moveit.planners.pilz.move_group_sequence_action]: initialize move group sequence action
[move_group-10] [INFO] [1788662431.798232427] [move_group.move_group.moveit.planners.pilz.joint_limits_aggregator]: Reading limits from namespace robot_description_planning
[move_group-10] [INFO] [1788662431.798488717] [move_group.move_group.moveit.planners.pilz.joint_limits_aggregator]: Reading limits from namespace robot_description_planning
[move_group-10] [INFO] [1788662431.800391734] [move_group.move_group.moveit.ros.move_group.executable]: 
[move_group-10] 
[move_group-10] ********************************************************
[move_group-10] * MoveGroup using: 
[move_group-10] *     - apply_planning_scene_service
[move_group-10] *     - clear_octomap_service
[move_group-10] *     - get_group_urdf
[move_group-10] *     - load_geometry_from_file
[move_group-10] *     - CartesianPathService
[move_group-10] *     - execute_trajectory_action
[move_group-10] *     - get_planning_scene_service
[move_group-10] *     - kinematics_service
[move_group-10] *     - move_action
[move_group-10] *     - motion_plan_service
[move_group-10] *     - query_planners_service
[move_group-10] *     - state_validation_service
[move_group-10] *     - save_geometry_to_file
[move_group-10] *     - SequenceAction
[move_group-10] *     - SequenceService
[move_group-10] ********************************************************
[move_group-10] 
[move_group-10] [INFO] [1788662431.800483172] [move_group.move_group.moveit.ros.move_group.context]: MoveGroup context using pipeline ompl
[move_group-10] [INFO] [1788662431.800509200] [move_group.move_group.moveit.ros.move_group.context]: MoveGroup context initialization complete
[gazebo-2] [INFO] [1788662431.800386369] [controller_manager]: Received robot description from topic.
[gazebo-2] [WARN] [1788662431.800523741] [controller_manager]: ResourceManager has already loaded a urdf. Ignoring attempt to reload a robot description.
[move_group-10] [96mLoading 'move_group/ApplyPlanningSceneService'...[0m
[move_group-10] [96mLoading 'move_group/ClearOctomapService'...[0m
[move_group-10] [96mLoading 'move_group/GetUrdfService'...[0m
[move_group-10] [96mLoading 'move_group/LoadGeometryFromFileService'...[0m
[move_group-10] [96mLoading 'move_group/MoveGroupCartesianPathService'...[0m
[move_group-10] [96mLoading 'move_group/MoveGroupExecuteTrajectoryAction'...[0m
[move_group-10] [96mLoading 'move_group/MoveGroupGetPlanningSceneService'...[0m
[move_group-10] [96mLoading 'move_group/MoveGroupKinematicsService'...[0m
[move_group-10] [96mLoading 'move_group/MoveGroupMoveAction'...[0m
[move_group-10] [96mLoading 'move_group/MoveGroupPlanService'...[0m
[move_group-10] [96mLoading 'move_group/MoveGroupQueryPlannersService'...[0m
[move_group-10] [96mLoading 'move_group/MoveGroupStateValidationService'...[0m
[move_group-10] [96mLoading 'move_group/SaveGeometryToFileService'...[0m
[move_group-10] [96mLoading 'pilz_industrial_motion_planner/MoveGroupSequenceAction'...[0m
[move_group-10] [96mLoading 'pilz_industrial_motion_planner/MoveGroupSequenceService'...[0m
[move_group-10] 
[move_group-10] [92mYou can start planning now![0m
[move_group-10] 
[spawner-11] [INFO] [1788662431.851226966] [spawner_joint_state_broadcaster]: waiting for service /controller_manager/list_controllers to become available...
[gazebo-2] [INFO] [1788662433.855497719] [controller_manager]: Loading controller : 'joint_state_broadcaster' of type 'joint_state_broadcaster/JointStateBroadcaster'
[gazebo-2] [INFO] [1788662433.855568109] [controller_manager]: Loading controller 'joint_state_broadcaster'
[gazebo-2] [INFO] [1788662433.864025608] [controller_manager]: Controller 'joint_state_broadcaster' node arguments: --ros-args --params-file /home/oy/cs625_p56_install/share/cs625_bringup/config/sim_controllers.yaml -p use_sim_time:=true --param use_sim_time:=true 
[spawner-11] [INFO] [1788662433.917679974] [spawner_joint_state_broadcaster]: Loaded joint_state_broadcaster
[gazebo-2] [INFO] [1788662433.919438029] [controller_manager]: Configuring controller: 'joint_state_broadcaster'
[gazebo-2] [INFO] [1788662433.919710111] [joint_state_broadcaster]: 'joints' or 'interfaces' parameter is empty. All available state interfaces will be published
[gazebo-2] [INFO] [1788662433.983962741] [controller_manager]: Activating controllers: [ joint_state_broadcaster ]
[gazebo-2] [INFO] [1788662434.057647053] [controller_manager]: Successfully switched controllers!
[spawner-11] [INFO] [1788662434.151772427] [spawner_joint_state_broadcaster]: Configured and activated joint_state_broadcaster
[INFO] [spawner-11]: process has finished cleanly [pid 16542]
[INFO] [spawner-12]: process started with pid [16592]
[INFO] [spawner-13]: process started with pid [16593]
[gazebo-2] [INFO] [1788662435.545317486] [controller_manager]: Loading controller : 'joint_trajectory_controller' of type 'joint_trajectory_controller/JointTrajectoryController'
[gazebo-2] [INFO] [1788662435.545423061] [controller_manager]: Loading controller 'joint_trajectory_controller'
[gazebo-2] [INFO] [1788662435.556229462] [controller_manager]: Controller 'joint_trajectory_controller' node arguments: --ros-args --params-file /home/oy/cs625_p56_install/share/cs625_bringup/config/sim_controllers.yaml -p use_sim_time:=true --param use_sim_time:=true 
[spawner-12] [INFO] [1788662435.757805595] [spawner_joint_trajectory_controller]: Loaded joint_trajectory_controller
[gazebo-2] [INFO] [1788662435.761309038] [controller_manager]: Configuring controller: 'joint_trajectory_controller'
[gazebo-2] [INFO] [1788662435.761769930] [joint_trajectory_controller]: No specific joint names are used for command interfaces. Using 'joints' parameter.
[gazebo-2] [INFO] [1788662435.761863974] [joint_trajectory_controller]: Command interfaces are [position] and state interfaces are [position velocity].
[gazebo-2] [INFO] [1788662435.761927552] [joint_trajectory_controller]: Using 'splines' interpolation method.
[gazebo-2] [INFO] [1788662435.770685966] [joint_trajectory_controller]: Action status changes will be monitored at 20.00 Hz.
[gazebo-2] [INFO] [1788662435.812379536] [joint_trajectory_controller]: Setting initial scaling factor to 1.000000
[gazebo-2] [INFO] [1788662435.812531457] [joint_trajectory_controller]: No scaling interface set. This controller will not read speed scaling from the hardware.
[gazebo-2] [INFO] [1788662435.827980107] [controller_manager]: Activating controllers: [ joint_trajectory_controller ]
[gazebo-2] [INFO] [1788662435.901111309] [controller_manager]: Successfully switched controllers!
[spawner-12] [INFO] [1788662435.979297558] [spawner_joint_trajectory_controller]: Configured and activated joint_trajectory_controller
[spawner-13] [INFO] [1788662436.203942607] [spawner_gripper_controller]: waiting for service /controller_manager/list_controllers to become available...
[INFO] [spawner-12]: process has finished cleanly [pid 16592]
[gazebo-2] [INFO] [1788662437.209170513] [controller_manager]: Loading controller : 'gripper_controller' of type 'forward_command_controller/ForwardCommandController'
[gazebo-2] [INFO] [1788662437.209285021] [controller_manager]: Loading controller 'gripper_controller'
[gazebo-2] [INFO] [1788662437.215557156] [controller_manager]: Controller 'gripper_controller' node arguments: --ros-args --params-file /home/oy/cs625_p56_install/share/cs625_bringup/config/sim_controllers.yaml -p use_sim_time:=true --param use_sim_time:=true 
[spawner-13] [INFO] [1788662437.310960789] [spawner_gripper_controller]: Loaded gripper_controller
[gazebo-2] [INFO] [1788662437.312751820] [controller_manager]: Configuring controller: 'gripper_controller'
[gazebo-2] [INFO] [1788662437.315059132] [gripper_controller]: configure successful
[gazebo-2] [INFO] [1788662437.371409076] [controller_manager]: Activating controllers: [ gripper_controller ]
[gazebo-2] [INFO] [1788662437.439657284] [gripper_controller]: activate successful
[gazebo-2] [INFO] [1788662437.439853177] [controller_manager]: Successfully switched controllers!
[spawner-13] [INFO] [1788662437.506507549] [spawner_gripper_controller]: Configured and activated gripper_controller
[INFO] [spawner-13]: process has finished cleanly [pid 16593]
[candidate_generator-6] [INFO] [1788662438.130862651] [cs625_candidate_generator]: Published 24 reproducible camera candidates in base_link
[move_group-10] [INFO] [1788662438.197459293] [move_group.move_group.moveit.ros.move_group.plan_service]: Received new planning service request...
[move_group-10] [INFO] [1788662438.197850571] [move_group]: Calling PlanningRequestAdapter 'ResolveConstraintFrames'
[move_group-10] [INFO] [1788662438.197915095] [move_group]: Calling PlanningRequestAdapter 'ValidateWorkspaceBounds'
[move_group-10] [WARN] [1788662438.197929715] [move_group.move_group.moveit.ros.validate_workspace_bounds]: It looks like the planning volume was not specified. Using default values.
[move_group-10] [INFO] [1788662438.197946386] [move_group]: Calling PlanningRequestAdapter 'CheckStartStateBounds'
[move_group-10] [ERROR] [1788662438.197981790] [move_group.move_group.moveit.core.conversions]: Found empty JointState message
[move_group-10] [INFO] [1788662438.198060784] [move_group]: Calling PlanningRequestAdapter 'CheckStartStateCollision'
[move_group-10] [ERROR] [1788662438.198075454] [move_group.move_group.moveit.core.conversions]: Found empty JointState message
[move_group-10] [ERROR] [1788662438.198471014] [move_group.move_group.moveit.core.conversions]: Found empty JointState message
[move_group-10] [INFO] [1788662438.199249116] [move_group.move_group.moveit.planners.ompl.model_based_planning_context]: Planner configuration 'cs625_arm' will use planner 'geometric::RRTConnect'. Additional configuration parameters will be set when the planner is constructed.
[move_group-10] [INFO] [1788662438.199563341] [move_group]: Calling Planner 'OMPL'
[move_group-10] [INFO] [1788662438.219137758] [move_group]: Calling PlanningResponseAdapter 'AddTimeOptimalParameterization'
[move_group-10] [WARN] [1788662438.219269689] [move_group.move_group.moveit.core.time_optimal_trajectory_generation]: Invalid max_velocity_scaling_factor 0.000000 specified, defaulting to 1.000000 instead.
[move_group-10] [WARN] [1788662438.219298748] [move_group.move_group.moveit.core.time_optimal_trajectory_generation]: Invalid max_acceleration_scaling_factor 0.000000 specified, defaulting to 1.000000 instead.
[move_group-10] [INFO] [1788662438.223736020] [move_group]: Calling PlanningResponseAdapter 'ValidateSolution'
[move_group-10] [INFO] [1788662438.224714878] [move_group]: Calling PlanningResponseAdapter 'DisplayMotionPath'
[move_group-10] [WARN] [1788662438.224957604] [move_group.move_group.moveit.ros.planning_pipeline]: The planner plugin did not fill out the 'planner_id' field of the MotionPlanResponse. Setting it to the planner ID name of the MotionPlanRequest assuming that the planner plugin does warn you if it does not use the requested planner.
[move_group-10] [INFO] [1788662438.396788396] [move_group.move_group.moveit.ros.move_group.plan_service]: Received new planning service request...
[move_group-10] [INFO] [1788662438.396947895] [move_group]: Calling PlanningRequestAdapter 'ResolveConstraintFrames'
[move_group-10] [INFO] [1788662438.396971231] [move_group]: Calling PlanningRequestAdapter 'ValidateWorkspaceBounds'
[move_group-10] [WARN] [1788662438.396977055] [move_group.move_group.moveit.ros.validate_workspace_bounds]: It looks like the planning volume was not specified. Using default values.
[move_group-10] [INFO] [1788662438.396988532] [move_group]: Calling PlanningRequestAdapter 'CheckStartStateBounds'
[move_group-10] [ERROR] [1788662438.397020324] [move_group.move_group.moveit.core.conversions]: Found empty JointState message
[move_group-10] [INFO] [1788662438.397102430] [move_group]: Calling PlanningRequestAdapter 'CheckStartStateCollision'
[move_group-10] [ERROR] [1788662438.397122564] [move_group.move_group.moveit.core.conversions]: Found empty JointState message
[move_group-10] [ERROR] [1788662438.397364329] [move_group.move_group.moveit.core.conversions]: Found empty JointState message
[move_group-10] [INFO] [1788662438.397648223] [move_group.move_group.moveit.planners.ompl.model_based_planning_context]: Planner configuration 'cs625_arm' will use planner 'geometric::RRTConnect'. Additional configuration parameters will be set when the planner is constructed.
[move_group-10] [INFO] [1788662438.397786147] [move_group]: Calling Planner 'OMPL'
[move_group-10] [INFO] [1788662438.416581223] [move_group]: Calling PlanningResponseAdapter 'AddTimeOptimalParameterization'
[move_group-10] [WARN] [1788662438.416688226] [move_group.move_group.moveit.core.time_optimal_trajectory_generation]: Invalid max_velocity_scaling_factor 0.000000 specified, defaulting to 1.000000 instead.
[move_group-10] [WARN] [1788662438.416721879] [move_group.move_group.moveit.core.time_optimal_trajectory_generation]: Invalid max_acceleration_scaling_factor 0.000000 specified, defaulting to 1.000000 instead.
[move_group-10] [INFO] [1788662438.421648584] [move_group]: Calling PlanningResponseAdapter 'ValidateSolution'
[move_group-10] [INFO] [1788662438.422734086] [move_group]: Calling PlanningResponseAdapter 'DisplayMotionPath'
[move_group-10] [WARN] [1788662438.422841669] [move_group.move_group.moveit.ros.planning_pipeline]: The planner plugin did not fill out the 'planner_id' field of the MotionPlanResponse. Setting it to the planner ID name of the MotionPlanRequest assuming that the planner plugin does warn you if it does not use the requested planner.
[move_group-10] [INFO] [1788662438.596970656] [move_group.move_group.moveit.ros.move_group.plan_service]: Received new planning service request...
[move_group-10] [INFO] [1788662438.597175566] [move_group]: Calling PlanningRequestAdapter 'ResolveConstraintFrames'
[move_group-10] [INFO] [1788662438.597231704] [move_group]: Calling PlanningRequestAdapter 'ValidateWorkspaceBounds'
[move_group-10] [WARN] [1788662438.597244002] [move_group.move_group.moveit.ros.validate_workspace_bounds]: It looks like the planning volume was not specified. Using default values.
[move_group-10] [INFO] [1788662438.597266248] [move_group]: Calling PlanningRequestAdapter 'CheckStartStateBounds'
[move_group-10] [ERROR] [1788662438.597303683] [move_group.move_group.moveit.core.conversions]: Found empty JointState message
[move_group-10] [INFO] [1788662438.597379425] [move_group]: Calling PlanningRequestAdapter 'CheckStartStateCollision'
[move_group-10] [ERROR] [1788662438.597401500] [move_group.move_group.moveit.core.conversions]: Found empty JointState message
[move_group-10] [ERROR] [1788662438.597602367] [move_group.move_group.moveit.core.conversions]: Found empty JointState message
[move_group-10] [INFO] [1788662438.597996276] [move_group.move_group.moveit.planners.ompl.model_based_planning_context]: Planner configuration 'cs625_arm' will use planner 'geometric::RRTConnect'. Additional configuration parameters will be set when the planner is constructed.
[move_group-10] [INFO] [1788662438.598123143] [move_group]: Calling Planner 'OMPL'
[move_group-10] [INFO] [1788662438.662470354] [move_group]: Calling PlanningResponseAdapter 'AddTimeOptimalParameterization'
[move_group-10] [WARN] [1788662438.662576807] [move_group.move_group.moveit.core.time_optimal_trajectory_generation]: Invalid max_velocity_scaling_factor 0.000000 specified, defaulting to 1.000000 instead.
[move_group-10] [WARN] [1788662438.662607007] [move_group.move_group.moveit.core.time_optimal_trajectory_generation]: Invalid max_acceleration_scaling_factor 0.000000 specified, defaulting to 1.000000 instead.
[move_group-10] [INFO] [1788662438.676535263] [move_group]: Calling PlanningResponseAdapter 'ValidateSolution'
[move_group-10] [ERROR] [1788662438.680719952] [move_group.move_group.moveit.ros.validate_solution]: Computed path is not valid. Invalid states at index locations: [ 42 ] out of 89. Explanations follow in command line. Contacts are published on /display_contacts
[move_group-10] [INFO] [1788662438.680981240] [move_group.move_group.moveit.core.moveit_collision_detection_fcl]: Found a contact between 'camera_link' (type 'Robot link') and 'upperarm_link' (type 'Robot link'), which constitutes a collision. Contact information is not stored.
[move_group-10] [INFO] [1788662438.681005087] [move_group.move_group.moveit.core.moveit_collision_detection_fcl]: Collision checking is considered complete (collision was found and 0 contacts are stored)
[move_group-10] [ERROR] [1788662438.681147694] [move_group.move_group.moveit.ros.validate_solution]: Completed listing of explanations for invalid states.
[move_group-10] [ERROR] [1788662438.681404560] [move_group]: PlanningResponseAdapter 'ValidateSolution' failed with error code INVALID_MOTION_PLAN
[move_group-10] [ERROR] [1788662438.681429257] [move_group.move_group.moveit.ros.move_group.plan_service]: Generating a plan with planning pipeline failed.
[move_group-10] [INFO] [1788662438.846682383] [move_group.move_group.moveit.ros.move_group.plan_service]: Received new planning service request...
[move_group-10] [INFO] [1788662438.846881620] [move_group]: Calling PlanningRequestAdapter 'ResolveConstraintFrames'
[move_group-10] [INFO] [1788662438.846939529] [move_group]: Calling PlanningRequestAdapter 'ValidateWorkspaceBounds'
[move_group-10] [WARN] [1788662438.846954629] [move_group.move_group.moveit.ros.validate_workspace_bounds]: It looks like the planning volume was not specified. Using default values.
[move_group-10] [INFO] [1788662438.846981148] [move_group]: Calling PlanningRequestAdapter 'CheckStartStateBounds'
[move_group-10] [ERROR] [1788662438.847022306] [move_group.move_group.moveit.core.conversions]: Found empty JointState message
[move_group-10] [INFO] [1788662438.847088851] [move_group]: Calling PlanningRequestAdapter 'CheckStartStateCollision'
[move_group-10] [ERROR] [1788662438.847107834] [move_group.move_group.moveit.core.conversions]: Found empty JointState message
[move_group-10] [ERROR] [1788662438.847344075] [move_group.move_group.moveit.core.conversions]: Found empty JointState message
[move_group-10] [INFO] [1788662438.847748762] [move_group.move_group.moveit.planners.ompl.model_based_planning_context]: Planner configuration 'cs625_arm' will use planner 'geometric::RRTConnect'. Additional configuration parameters will be set when the planner is constructed.
[move_group-10] [INFO] [1788662438.847872196] [move_group]: Calling Planner 'OMPL'
[move_group-10] [INFO] [1788662438.883440141] [move_group]: Calling PlanningResponseAdapter 'AddTimeOptimalParameterization'
[move_group-10] [WARN] [1788662438.883578415] [move_group.move_group.moveit.core.time_optimal_trajectory_generation]: Invalid max_velocity_scaling_factor 0.000000 specified, defaulting to 1.000000 instead.
[move_group-10] [WARN] [1788662438.883613209] [move_group.move_group.moveit.core.time_optimal_trajectory_generation]: Invalid max_acceleration_scaling_factor 0.000000 specified, defaulting to 1.000000 instead.
[move_group-10] [INFO] [1788662438.891854494] [move_group]: Calling PlanningResponseAdapter 'ValidateSolution'
[move_group-10] [INFO] [1788662438.896376154] [move_group]: Calling PlanningResponseAdapter 'DisplayMotionPath'
[move_group-10] [WARN] [1788662438.896636472] [move_group.move_group.moveit.ros.planning_pipeline]: The planner plugin did not fill out the 'planner_id' field of the MotionPlanResponse. Setting it to the planner ID name of the MotionPlanRequest assuming that the planner plugin does warn you if it does not use the requested planner.
[move_group-10] [INFO] [1788662439.096877159] [move_group.move_group.moveit.ros.move_group.plan_service]: Received new planning service request...
[move_group-10] [INFO] [1788662439.097079057] [move_group]: Calling PlanningRequestAdapter 'ResolveConstraintFrames'
[move_group-10] [INFO] [1788662439.097110209] [move_group]: Calling PlanningRequestAdapter 'ValidateWorkspaceBounds'
[move_group-10] [WARN] [1788662439.097116823] [move_group.move_group.moveit.ros.validate_workspace_bounds]: It looks like the planning volume was not specified. Using default values.
[move_group-10] [INFO] [1788662439.097128832] [move_group]: Calling PlanningRequestAdapter 'CheckStartStateBounds'
[move_group-10] [ERROR] [1788662439.097152318] [move_group.move_group.moveit.core.conversions]: Found empty JointState message
[move_group-10] [INFO] [1788662439.097233173] [move_group]: Calling PlanningRequestAdapter 'CheckStartStateCollision'
[move_group-10] [ERROR] [1788662439.097252096] [move_group.move_group.moveit.core.conversions]: Found empty JointState message
[move_group-10] [ERROR] [1788662439.097415107] [move_group.move_group.moveit.core.conversions]: Found empty JointState message
[move_group-10] [INFO] [1788662439.097712871] [move_group.move_group.moveit.planners.ompl.model_based_planning_context]: Planner configuration 'cs625_arm' will use planner 'geometric::RRTConnect'. Additional configuration parameters will be set when the planner is constructed.
[move_group-10] [INFO] [1788662439.097821886] [move_group]: Calling Planner 'OMPL'
[move_group-10] [INFO] [1788662439.131547718] [move_group]: Calling PlanningResponseAdapter 'AddTimeOptimalParameterization'
[move_group-10] [WARN] [1788662439.131655692] [move_group.move_group.moveit.core.time_optimal_trajectory_generation]: Invalid max_velocity_scaling_factor 0.000000 specified, defaulting to 1.000000 instead.
[move_group-10] [WARN] [1788662439.131690696] [move_group.move_group.moveit.core.time_optimal_trajectory_generation]: Invalid max_acceleration_scaling_factor 0.000000 specified, defaulting to 1.000000 instead.
[move_group-10] [INFO] [1788662439.138199322] [move_group]: Calling PlanningResponseAdapter 'ValidateSolution'
[move_group-10] [INFO] [1788662439.141326388] [move_group]: Calling PlanningResponseAdapter 'DisplayMotionPath'
[move_group-10] [WARN] [1788662439.141757363] [move_group.move_group.moveit.ros.planning_pipeline]: The planner plugin did not fill out the 'planner_id' field of the MotionPlanResponse. Setting it to the planner ID name of the MotionPlanRequest assuming that the planner plugin does warn you if it does not use the requested planner.
[move_group-10] [INFO] [1788662439.296911279] [move_group.move_group.moveit.ros.move_group.plan_service]: Received new planning service request...
[move_group-10] [INFO] [1788662439.297153655] [move_group]: Calling PlanningRequestAdapter 'ResolveConstraintFrames'
[move_group-10] [INFO] [1788662439.297221572] [move_group]: Calling PlanningRequestAdapter 'ValidateWorkspaceBounds'
[move_group-10] [WARN] [1788662439.297239294] [move_group.move_group.moveit.ros.validate_workspace_bounds]: It looks like the planning volume was not specified. Using default values.
[move_group-10] [INFO] [1788662439.297265862] [move_group]: Calling PlanningRequestAdapter 'CheckStartStateBounds'
[move_group-10] [ERROR] [1788662439.297309702] [move_group.move_group.moveit.core.conversions]: Found empty JointState message
[move_group-10] [INFO] [1788662439.297388976] [move_group]: Calling PlanningRequestAdapter 'CheckStartStateCollision'
[move_group-10] [ERROR] [1788662439.297409180] [move_group.move_group.moveit.core.conversions]: Found empty JointState message
[move_group-10] [ERROR] [1788662439.297631102] [move_group.move_group.moveit.core.conversions]: Found empty JointState message
[move_group-10] [INFO] [1788662439.298038321] [move_group.move_group.moveit.planners.ompl.model_based_planning_context]: Planner configuration 'cs625_arm' will use planner 'geometric::RRTConnect'. Additional configuration parameters will be set when the planner is constructed.
[move_group-10] [INFO] [1788662439.298187293] [move_group]: Calling Planner 'OMPL'
[move_group-10] [INFO] [1788662439.325170525] [move_group]: Calling PlanningResponseAdapter 'AddTimeOptimalParameterization'
[move_group-10] [WARN] [1788662439.325250630] [move_group.move_group.moveit.core.time_optimal_trajectory_generation]: Invalid max_velocity_scaling_factor 0.000000 specified, defaulting to 1.000000 instead.
[move_group-10] [WARN] [1788662439.325278579] [move_group.move_group.moveit.core.time_optimal_trajectory_generation]: Invalid max_acceleration_scaling_factor 0.000000 specified, defaulting to 1.000000 instead.
[move_group-10] [INFO] [1788662439.335749426] [move_group]: Calling PlanningResponseAdapter 'ValidateSolution'
[move_group-10] [ERROR] [1788662439.337426875] [move_group.move_group.moveit.ros.validate_solution]: Computed path is not valid. Invalid states at index locations: [ 23 24 26 27 28 ] out of 77. Explanations follow in command line. Contacts are published on /display_contacts
[move_group-10] [INFO] [1788662439.337562318] [move_group.move_group.moveit.core.moveit_collision_detection_fcl]: Found a contact between 'wrist_2_link' (type 'Robot link') and 'forearm_link' (type 'Robot link'), which constitutes a collision. Contact information is not stored.
[move_group-10] [INFO] [1788662439.337589766] [move_group.move_group.moveit.core.moveit_collision_detection_fcl]: Collision checking is considered complete (collision was found and 0 contacts are stored)
[move_group-10] [INFO] [1788662439.337749196] [move_group.move_group.moveit.core.moveit_collision_detection_fcl]: Found a contact between 'wrist_2_link' (type 'Robot link') and 'forearm_link' (type 'Robot link'), which constitutes a collision. Contact information is not stored.
[move_group-10] [INFO] [1788662439.337762685] [move_group.move_group.moveit.core.moveit_collision_detection_fcl]: Collision checking is considered complete (collision was found and 0 contacts are stored)
[move_group-10] [INFO] [1788662439.337887110] [move_group.move_group.moveit.core.moveit_collision_detection_fcl]: Found a contact between 'wrist_2_link' (type 'Robot link') and 'forearm_link' (type 'Robot link'), which constitutes a collision. Contact information is not stored.
[move_group-10] [INFO] [1788662439.337899819] [move_group.move_group.moveit.core.moveit_collision_detection_fcl]: Collision checking is considered complete (collision was found and 0 contacts are stored)
[move_group-10] [INFO] [1788662439.337981595] [move_group.move_group.moveit.core.moveit_collision_detection_fcl]: Found a contact between 'wrist_2_link' (type 'Robot link') and 'forearm_link' (type 'Robot link'), which constitutes a collision. Contact information is not stored.
[move_group-10] [INFO] [1788662439.337992002] [move_group.move_group.moveit.core.moveit_collision_detection_fcl]: Collision checking is considered complete (collision was found and 0 contacts are stored)
[move_group-10] [INFO] [1788662439.338118128] [move_group.move_group.moveit.core.moveit_collision_detection_fcl]: Found a contact between 'wrist_2_link' (type 'Robot link') and 'forearm_link' (type 'Robot link'), which constitutes a collision. Contact information is not stored.
[move_group-10] [INFO] [1788662439.338140473] [move_group.move_group.moveit.core.moveit_collision_detection_fcl]: Collision checking is considered complete (collision was found and 0 contacts are stored)
[move_group-10] [ERROR] [1788662439.338210621] [move_group.move_group.moveit.ros.validate_solution]: Completed listing of explanations for invalid states.
[move_group-10] [ERROR] [1788662439.338327051] [move_group]: PlanningResponseAdapter 'ValidateSolution' failed with error code INVALID_MOTION_PLAN
[move_group-10] [ERROR] [1788662439.338348606] [move_group.move_group.moveit.ros.move_group.plan_service]: Generating a plan with planning pipeline failed.
[move_group-10] [INFO] [1788662439.496750906] [move_group.move_group.moveit.ros.move_group.plan_service]: Received new planning service request...
[move_group-10] [INFO] [1788662439.496952845] [move_group]: Calling PlanningRequestAdapter 'ResolveConstraintFrames'
[move_group-10] [INFO] [1788662439.497003049] [move_group]: Calling PlanningRequestAdapter 'ValidateWorkspaceBounds'
[move_group-10] [WARN] [1788662439.497017339] [move_group.move_group.moveit.ros.validate_workspace_bounds]: It looks like the planning volume was not specified. Using default values.
[move_group-10] [INFO] [1788662439.497044247] [move_group]: Calling PlanningRequestAdapter 'CheckStartStateBounds'
[move_group-10] [ERROR] [1788662439.497084795] [move_group.move_group.moveit.core.conversions]: Found empty JointState message
[move_group-10] [INFO] [1788662439.497161157] [move_group]: Calling PlanningRequestAdapter 'CheckStartStateCollision'
[move_group-10] [ERROR] [1788662439.497185764] [move_group.move_group.moveit.core.conversions]: Found empty JointState message
[move_group-10] [ERROR] [1788662439.497393887] [move_group.move_group.moveit.core.conversions]: Found empty JointState message
[move_group-10] [INFO] [1788662439.497762049] [move_group.move_group.moveit.planners.ompl.model_based_planning_context]: Planner configuration 'cs625_arm' will use planner 'geometric::RRTConnect'. Additional configuration parameters will be set when the planner is constructed.
[move_group-10] [INFO] [1788662439.497925621] [move_group]: Calling Planner 'OMPL'
[move_group-10] [INFO] [1788662439.537292729] [move_group]: Calling PlanningResponseAdapter 'AddTimeOptimalParameterization'
[move_group-10] [WARN] [1788662439.537381109] [move_group.move_group.moveit.core.time_optimal_trajectory_generation]: Invalid max_velocity_scaling_factor 0.000000 specified, defaulting to 1.000000 instead.
[move_group-10] [WARN] [1788662439.537408468] [move_group.move_group.moveit.core.time_optimal_trajectory_generation]: Invalid max_acceleration_scaling_factor 0.000000 specified, defaulting to 1.000000 instead.
[move_group-10] [INFO] [1788662439.544368192] [move_group]: Calling PlanningResponseAdapter 'ValidateSolution'
[move_group-10] [INFO] [1788662439.546687540] [move_group]: Calling PlanningResponseAdapter 'DisplayMotionPath'
[move_group-10] [WARN] [1788662439.546945056] [move_group.move_group.moveit.ros.planning_pipeline]: The planner plugin did not fill out the 'planner_id' field of the MotionPlanResponse. Setting it to the planner ID name of the MotionPlanRequest assuming that the planner plugin does warn you if it does not use the requested planner.
[move_group-10] [INFO] [1788662439.746672577] [move_group.move_group.moveit.ros.move_group.plan_service]: Received new planning service request...
[move_group-10] [INFO] [1788662439.746831195] [move_group]: Calling PlanningRequestAdapter 'ResolveConstraintFrames'
[move_group-10] [INFO] [1788662439.746854721] [move_group]: Calling PlanningRequestAdapter 'ValidateWorkspaceBounds'
[move_group-10] [WARN] [1788662439.746860165] [move_group.move_group.moveit.ros.validate_workspace_bounds]: It looks like the planning volume was not specified. Using default values.
[move_group-10] [INFO] [1788662439.746873564] [move_group]: Calling PlanningRequestAdapter 'CheckStartStateBounds'
[move_group-10] [ERROR] [1788662439.746902784] [move_group.move_group.moveit.core.conversions]: Found empty JointState message
[move_group-10] [INFO] [1788662439.746963686] [move_group]: Calling PlanningRequestAdapter 'CheckStartStateCollision'
[move_group-10] [ERROR] [1788662439.746974473] [move_group.move_group.moveit.core.conversions]: Found empty JointState message
[move_group-10] [ERROR] [1788662439.747184867] [move_group.move_group.moveit.core.conversions]: Found empty JointState message
[move_group-10] [INFO] [1788662439.747507108] [move_group.move_group.moveit.planners.ompl.model_based_planning_context]: Planner configuration 'cs625_arm' will use planner 'geometric::RRTConnect'. Additional configuration parameters will be set when the planner is constructed.
[move_group-10] [INFO] [1788662439.747634725] [move_group]: Calling Planner 'OMPL'
[move_group-10] [INFO] [1788662439.762870065] [move_group]: Calling PlanningResponseAdapter 'AddTimeOptimalParameterization'
[move_group-10] [WARN] [1788662439.762976508] [move_group.move_group.moveit.core.time_optimal_trajectory_generation]: Invalid max_velocity_scaling_factor 0.000000 specified, defaulting to 1.000000 instead.
[move_group-10] [WARN] [1788662439.763010882] [move_group.move_group.moveit.core.time_optimal_trajectory_generation]: Invalid max_acceleration_scaling_factor 0.000000 specified, defaulting to 1.000000 instead.
[move_group-10] [INFO] [1788662439.765728602] [move_group]: Calling PlanningResponseAdapter 'ValidateSolution'
[move_group-10] [INFO] [1788662439.766277678] [move_group]: Calling PlanningResponseAdapter 'DisplayMotionPath'
[move_group-10] [WARN] [1788662439.766330824] [move_group.move_group.moveit.ros.planning_pipeline]: The planner plugin did not fill out the 'planner_id' field of the MotionPlanResponse. Setting it to the planner ID name of the MotionPlanRequest assuming that the planner plugin does warn you if it does not use the requested planner.
[move_group-10] [INFO] [1788662439.946504028] [move_group.move_group.moveit.ros.move_group.plan_service]: Received new planning service request...
[move_group-10] [INFO] [1788662439.946688285] [move_group]: Calling PlanningRequestAdapter 'ResolveConstraintFrames'
[move_group-10] [INFO] [1788662439.946715854] [move_group]: Calling PlanningRequestAdapter 'ValidateWorkspaceBounds'
[move_group-10] [WARN] [1788662439.946721687] [move_group.move_group.moveit.ros.validate_workspace_bounds]: It looks like the planning volume was not specified. Using default values.
[move_group-10] [INFO] [1788662439.946734386] [move_group]: Calling PlanningRequestAdapter 'CheckStartStateBounds'
[move_group-10] [ERROR] [1788662439.946756691] [move_group.move_group.moveit.core.conversions]: Found empty JointState message
[move_group-10] [INFO] [1788662439.946819124] [move_group]: Calling PlanningRequestAdapter 'CheckStartStateCollision'
[move_group-10] [ERROR] [1788662439.946833364] [move_group.move_group.moveit.core.conversions]: Found empty JointState message
[move_group-10] [ERROR] [1788662439.946986329] [move_group.move_group.moveit.core.conversions]: Found empty JointState message
[move_group-10] [INFO] [1788662439.947241994] [move_group.move_group.moveit.planners.ompl.model_based_planning_context]: Planner configuration 'cs625_arm' will use planner 'geometric::RRTConnect'. Additional configuration parameters will be set when the planner is constructed.
[move_group-10] [INFO] [1788662439.947323179] [move_group]: Calling Planner 'OMPL'
[move_group-10] [INFO] [1788662440.023194640] [move_group]: Calling PlanningResponseAdapter 'AddTimeOptimalParameterization'
[move_group-10] [WARN] [1788662440.023303325] [move_group.move_group.moveit.core.time_optimal_trajectory_generation]: Invalid max_velocity_scaling_factor 0.000000 specified, defaulting to 1.000000 instead.
[move_group-10] [WARN] [1788662440.023341051] [move_group.move_group.moveit.core.time_optimal_trajectory_generation]: Invalid max_acceleration_scaling_factor 0.000000 specified, defaulting to 1.000000 instead.
[move_group-10] [INFO] [1788662440.033917574] [move_group]: Calling PlanningResponseAdapter 'ValidateSolution'
[move_group-10] [INFO] [1788662440.037200315] [move_group]: Calling PlanningResponseAdapter 'DisplayMotionPath'
[move_group-10] [WARN] [1788662440.037393817] [move_group.move_group.moveit.ros.planning_pipeline]: The planner plugin did not fill out the 'planner_id' field of the MotionPlanResponse. Setting it to the planner ID name of the MotionPlanRequest assuming that the planner plugin does warn you if it does not use the requested planner.
[move_group-10] [INFO] [1788662440.197118752] [move_group.move_group.moveit.ros.move_group.plan_service]: Received new planning service request...
[move_group-10] [INFO] [1788662440.197335130] [move_group]: Calling PlanningRequestAdapter 'ResolveConstraintFrames'
[move_group-10] [INFO] [1788662440.197376809] [move_group]: Calling PlanningRequestAdapter 'ValidateWorkspaceBounds'
[move_group-10] [WARN] [1788662440.197387576] [move_group.move_group.moveit.ros.validate_workspace_bounds]: It looks like the planning volume was not specified. Using default values.
[move_group-10] [INFO] [1788662440.197408521] [move_group]: Calling PlanningRequestAdapter 'CheckStartStateBounds'
[move_group-10] [ERROR] [1788662440.197441934] [move_group.move_group.moveit.core.conversions]: Found empty JointState message
[move_group-10] [INFO] [1788662440.197517405] [move_group]: Calling PlanningRequestAdapter 'CheckStartStateCollision'
[move_group-10] [ERROR] [1788662440.197540191] [move_group.move_group.moveit.core.conversions]: Found empty JointState message
[move_group-10] [ERROR] [1788662440.197821424] [move_group.move_group.moveit.core.conversions]: Found empty JointState message
[move_group-10] [INFO] [1788662440.198220828] [move_group.move_group.moveit.planners.ompl.model_based_planning_context]: Planner configuration 'cs625_arm' will use planner 'geometric::RRTConnect'. Additional configuration parameters will be set when the planner is constructed.
[move_group-10] [INFO] [1788662440.198353539] [move_group]: Calling Planner 'OMPL'
[move_group-10] [INFO] [1788662440.221384692] [move_group]: Calling PlanningResponseAdapter 'AddTimeOptimalParameterization'
[move_group-10] [WARN] [1788662440.221494718] [move_group.move_group.moveit.core.time_optimal_trajectory_generation]: Invalid max_velocity_scaling_factor 0.000000 specified, defaulting to 1.000000 instead.
[move_group-10] [WARN] [1788662440.221537837] [move_group.move_group.moveit.core.time_optimal_trajectory_generation]: Invalid max_acceleration_scaling_factor 0.000000 specified, defaulting to 1.000000 instead.
[move_group-10] [INFO] [1788662440.227135791] [move_group]: Calling PlanningResponseAdapter 'ValidateSolution'
[move_group-10] [INFO] [1788662440.229472709] [move_group]: Calling PlanningResponseAdapter 'DisplayMotionPath'
[move_group-10] [WARN] [1788662440.229680512] [move_group.move_group.moveit.ros.planning_pipeline]: The planner plugin did not fill out the 'planner_id' field of the MotionPlanResponse. Setting it to the planner ID name of the MotionPlanRequest assuming that the planner plugin does warn you if it does not use the requested planner.
[move_group-10] [INFO] [1788662440.397061640] [move_group.move_group.moveit.ros.move_group.plan_service]: Received new planning service request...
[move_group-10] [INFO] [1788662440.397289756] [move_group]: Calling PlanningRequestAdapter 'ResolveConstraintFrames'
[move_group-10] [INFO] [1788662440.397336398] [move_group]: Calling PlanningRequestAdapter 'ValidateWorkspaceBounds'
[move_group-10] [WARN] [1788662440.397346796] [move_group.move_group.moveit.ros.validate_workspace_bounds]: It looks like the planning volume was not specified. Using default values.
[move_group-10] [INFO] [1788662440.397367540] [move_group]: Calling PlanningRequestAdapter 'CheckStartStateBounds'
[move_group-10] [ERROR] [1788662440.397401453] [move_group.move_group.moveit.core.conversions]: Found empty JointState message
[move_group-10] [INFO] [1788662440.397588161] [move_group]: Calling PlanningRequestAdapter 'CheckStartStateCollision'
[move_group-10] [ERROR] [1788662440.397646921] [move_group.move_group.moveit.core.conversions]: Found empty JointState message
[move_group-10] [ERROR] [1788662440.397945686] [move_group.move_group.moveit.core.conversions]: Found empty JointState message
[move_group-10] [INFO] [1788662440.398233173] [move_group.move_group.moveit.planners.ompl.model_based_planning_context]: Planner configuration 'cs625_arm' will use planner 'geometric::RRTConnect'. Additional configuration parameters will be set when the planner is constructed.
[move_group-10] [INFO] [1788662440.398367676] [move_group]: Calling Planner 'OMPL'
[move_group-10] [INFO] [1788662440.428660526] [move_group]: Calling PlanningResponseAdapter 'AddTimeOptimalParameterization'
[move_group-10] [WARN] [1788662440.428786942] [move_group.move_group.moveit.core.time_optimal_trajectory_generation]: Invalid max_velocity_scaling_factor 0.000000 specified, defaulting to 1.000000 instead.
[move_group-10] [WARN] [1788662440.428826159] [move_group.move_group.moveit.core.time_optimal_trajectory_generation]: Invalid max_acceleration_scaling_factor 0.000000 specified, defaulting to 1.000000 instead.
[move_group-10] [INFO] [1788662440.441263704] [move_group]: Calling PlanningResponseAdapter 'ValidateSolution'
[move_group-10] [INFO] [1788662440.443672546] [move_group]: Calling PlanningResponseAdapter 'DisplayMotionPath'
[move_group-10] [WARN] [1788662440.444377704] [move_group.move_group.moveit.ros.planning_pipeline]: The planner plugin did not fill out the 'planner_id' field of the MotionPlanResponse. Setting it to the planner ID name of the MotionPlanRequest assuming that the planner plugin does warn you if it does not use the requested planner.
[move_group-10] [INFO] [1788662440.597045028] [move_group.move_group.moveit.ros.move_group.plan_service]: Received new planning service request...
[move_group-10] [INFO] [1788662440.597232356] [move_group]: Calling PlanningRequestAdapter 'ResolveConstraintFrames'
[move_group-10] [INFO] [1788662440.597287534] [move_group]: Calling PlanningRequestAdapter 'ValidateWorkspaceBounds'
[move_group-10] [WARN] [1788662440.597299482] [move_group.move_group.moveit.ros.validate_workspace_bounds]: It looks like the planning volume was not specified. Using default values.
[move_group-10] [INFO] [1788662440.597339580] [move_group]: Calling PlanningRequestAdapter 'CheckStartStateBounds'
[move_group-10] [ERROR] [1788662440.597393427] [move_group.move_group.moveit.core.conversions]: Found empty JointState message
[move_group-10] [INFO] [1788662440.597479086] [move_group]: Calling PlanningRequestAdapter 'CheckStartStateCollision'
[move_group-10] [ERROR] [1788662440.597498269] [move_group.move_group.moveit.core.conversions]: Found empty JointState message
[move_group-10] [ERROR] [1788662440.597736812] [move_group.move_group.moveit.core.conversions]: Found empty JointState message
[move_group-10] [INFO] [1788662440.598135836] [move_group.move_group.moveit.planners.ompl.model_based_planning_context]: Planner configuration 'cs625_arm' will use planner 'geometric::RRTConnect'. Additional configuration parameters will be set when the planner is constructed.
[move_group-10] [INFO] [1788662440.598292453] [move_group]: Calling Planner 'OMPL'
[move_group-10] [INFO] [1788662440.625467594] [move_group]: Calling PlanningResponseAdapter 'AddTimeOptimalParameterization'
[move_group-10] [WARN] [1788662440.625591719] [move_group.move_group.moveit.core.time_optimal_trajectory_generation]: Invalid max_velocity_scaling_factor 0.000000 specified, defaulting to 1.000000 instead.
[move_group-10] [WARN] [1788662440.625630456] [move_group.move_group.moveit.core.time_optimal_trajectory_generation]: Invalid max_acceleration_scaling_factor 0.000000 specified, defaulting to 1.000000 instead.
[move_group-10] [INFO] [1788662440.630913374] [move_group]: Calling PlanningResponseAdapter 'ValidateSolution'
[move_group-10] [INFO] [1788662440.632882525] [move_group]: Calling PlanningResponseAdapter 'DisplayMotionPath'
[move_group-10] [WARN] [1788662440.632992960] [move_group.move_group.moveit.ros.planning_pipeline]: The planner plugin did not fill out the 'planner_id' field of the MotionPlanResponse. Setting it to the planner ID name of the MotionPlanRequest assuming that the planner plugin does warn you if it does not use the requested planner.
[move_group-10] [INFO] [1788662440.796904921] [move_group.move_group.moveit.ros.move_group.plan_service]: Received new planning service request...
[move_group-10] [INFO] [1788662440.797047829] [move_group]: Calling PlanningRequestAdapter 'ResolveConstraintFrames'
[move_group-10] [INFO] [1788662440.797105439] [move_group]: Calling PlanningRequestAdapter 'ValidateWorkspaceBounds'
[move_group-10] [WARN] [1788662440.797119148] [move_group.move_group.moveit.ros.validate_workspace_bounds]: It looks like the planning volume was not specified. Using default values.
[move_group-10] [INFO] [1788662440.797138191] [move_group]: Calling PlanningRequestAdapter 'CheckStartStateBounds'
[move_group-10] [ERROR] [1788662440.797164279] [move_group.move_group.moveit.core.conversions]: Found empty JointState message
[move_group-10] [INFO] [1788662440.797228353] [move_group]: Calling PlanningRequestAdapter 'CheckStartStateCollision'
[move_group-10] [ERROR] [1788662440.797247476] [move_group.move_group.moveit.core.conversions]: Found empty JointState message
[move_group-10] [ERROR] [1788662440.797416882] [move_group.move_group.moveit.core.conversions]: Found empty JointState message
[move_group-10] [INFO] [1788662440.797796562] [move_group.move_group.moveit.planners.ompl.model_based_planning_context]: Planner configuration 'cs625_arm' will use planner 'geometric::RRTConnect'. Additional configuration parameters will be set when the planner is constructed.
[move_group-10] [INFO] [1788662440.797927272] [move_group]: Calling Planner 'OMPL'
[move_group-10] [INFO] [1788662440.818153968] [move_group]: Calling PlanningResponseAdapter 'AddTimeOptimalParameterization'
[move_group-10] [WARN] [1788662440.818228519] [move_group.move_group.moveit.core.time_optimal_trajectory_generation]: Invalid max_velocity_scaling_factor 0.000000 specified, defaulting to 1.000000 instead.
[move_group-10] [WARN] [1788662440.818253376] [move_group.move_group.moveit.core.time_optimal_trajectory_generation]: Invalid max_acceleration_scaling_factor 0.000000 specified, defaulting to 1.000000 instead.
[move_group-10] [INFO] [1788662440.822712484] [move_group]: Calling PlanningResponseAdapter 'ValidateSolution'
[move_group-10] [INFO] [1788662440.823898988] [move_group]: Calling PlanningResponseAdapter 'DisplayMotionPath'
[move_group-10] [WARN] [1788662440.824034410] [move_group.move_group.moveit.ros.planning_pipeline]: The planner plugin did not fill out the 'planner_id' field of the MotionPlanResponse. Setting it to the planner ID name of the MotionPlanRequest assuming that the planner plugin does warn you if it does not use the requested planner.
[move_group-10] [INFO] [1788662440.996749998] [move_group.move_group.moveit.ros.move_group.plan_service]: Received new planning service request...
[move_group-10] [INFO] [1788662440.996895148] [move_group]: Calling PlanningRequestAdapter 'ResolveConstraintFrames'
[move_group-10] [INFO] [1788662440.996942040] [move_group]: Calling PlanningRequestAdapter 'ValidateWorkspaceBounds'
[move_group-10] [WARN] [1788662440.996952197] [move_group.move_group.moveit.ros.validate_workspace_bounds]: It looks like the planning volume was not specified. Using default values.
[move_group-10] [INFO] [1788662440.997020023] [move_group]: Calling PlanningRequestAdapter 'CheckStartStateBounds'
[move_group-10] [ERROR] [1788662440.997054007] [move_group.move_group.moveit.core.conversions]: Found empty JointState message
[move_group-10] [INFO] [1788662440.997111706] [move_group]: Calling PlanningRequestAdapter 'CheckStartStateCollision'
[move_group-10] [ERROR] [1788662440.997126837] [move_group.move_group.moveit.core.conversions]: Found empty JointState message
[move_group-10] [ERROR] [1788662440.997293030] [move_group.move_group.moveit.core.conversions]: Found empty JointState message
[move_group-10] [INFO] [1788662440.997652027] [move_group.move_group.moveit.planners.ompl.model_based_planning_context]: Planner configuration 'cs625_arm' will use planner 'geometric::RRTConnect'. Additional configuration parameters will be set when the planner is constructed.
[move_group-10] [INFO] [1788662440.997759251] [move_group]: Calling Planner 'OMPL'
[move_group-10] [INFO] [1788662441.040120514] [move_group]: Calling PlanningResponseAdapter 'AddTimeOptimalParameterization'
[move_group-10] [WARN] [1788662441.040253305] [move_group.move_group.moveit.core.time_optimal_trajectory_generation]: Invalid max_velocity_scaling_factor 0.000000 specified, defaulting to 1.000000 instead.
[move_group-10] [WARN] [1788662441.040288109] [move_group.move_group.moveit.core.time_optimal_trajectory_generation]: Invalid max_acceleration_scaling_factor 0.000000 specified, defaulting to 1.000000 instead.
[move_group-10] [INFO] [1788662441.061326088] [move_group]: Calling PlanningResponseAdapter 'ValidateSolution'
[move_group-10] [ERROR] [1788662441.064095930] [move_group.move_group.moveit.ros.validate_solution]: Computed path is not valid. Invalid states at index locations: [ 15 16 ] out of 99. Explanations follow in command line. Contacts are published on /display_contacts
[move_group-10] [INFO] [1788662441.064395216] [move_group.move_group.moveit.core.moveit_collision_detection_fcl]: Found a contact between 'wrist_2_link' (type 'Robot link') and 'forearm_link' (type 'Robot link'), which constitutes a collision. Contact information is not stored.
[move_group-10] [INFO] [1788662441.064421814] [move_group.move_group.moveit.core.moveit_collision_detection_fcl]: Collision checking is considered complete (collision was found and 0 contacts are stored)
[move_group-10] [INFO] [1788662441.064713975] [move_group.move_group.moveit.core.moveit_collision_detection_fcl]: Found a contact between 'forearm_link' (type 'Robot link') and 'wrist_2_link' (type 'Robot link'), which constitutes a collision. Contact information is not stored.
[move_group-10] [INFO] [1788662441.064742454] [move_group.move_group.moveit.core.moveit_collision_detection_fcl]: Collision checking is considered complete (collision was found and 0 contacts are stored)
[move_group-10] [ERROR] [1788662441.064848357] [move_group.move_group.moveit.ros.validate_solution]: Completed listing of explanations for invalid states.
[move_group-10] [ERROR] [1788662441.065029021] [move_group]: PlanningResponseAdapter 'ValidateSolution' failed with error code INVALID_MOTION_PLAN
[move_group-10] [ERROR] [1788662441.065065876] [move_group.move_group.moveit.ros.move_group.plan_service]: Generating a plan with planning pipeline failed.
[move_group-10] [INFO] [1788662441.246990166] [move_group.move_group.moveit.ros.move_group.plan_service]: Received new planning service request...
[move_group-10] [INFO] [1788662441.247218713] [move_group]: Calling PlanningRequestAdapter 'ResolveConstraintFrames'
[move_group-10] [INFO] [1788662441.247291804] [move_group]: Calling PlanningRequestAdapter 'ValidateWorkspaceBounds'
[move_group-10] [WARN] [1788662441.247303422] [move_group.move_group.moveit.ros.validate_workspace_bounds]: It looks like the planning volume was not specified. Using default values.
[move_group-10] [INFO] [1788662441.247323215] [move_group]: Calling PlanningRequestAdapter 'CheckStartStateBounds'
[move_group-10] [ERROR] [1788662441.247361842] [move_group.move_group.moveit.core.conversions]: Found empty JointState message
[move_group-10] [INFO] [1788662441.247426166] [move_group]: Calling PlanningRequestAdapter 'CheckStartStateCollision'
[move_group-10] [ERROR] [1788662441.247457447] [move_group.move_group.moveit.core.conversions]: Found empty JointState message
[move_group-10] [ERROR] [1788662441.247682942] [move_group.move_group.moveit.core.conversions]: Found empty JointState message
[move_group-10] [INFO] [1788662441.248057049] [move_group.move_group.moveit.planners.ompl.model_based_planning_context]: Planner configuration 'cs625_arm' will use planner 'geometric::RRTConnect'. Additional configuration parameters will be set when the planner is constructed.
[move_group-10] [INFO] [1788662441.248273598] [move_group]: Calling Planner 'OMPL'
[move_group-10] [INFO] [1788662441.322163748] [move_group]: Calling PlanningResponseAdapter 'AddTimeOptimalParameterization'
[move_group-10] [WARN] [1788662441.322307136] [move_group.move_group.moveit.core.time_optimal_trajectory_generation]: Invalid max_velocity_scaling_factor 0.000000 specified, defaulting to 1.000000 instead.
[move_group-10] [WARN] [1788662441.322353788] [move_group.move_group.moveit.core.time_optimal_trajectory_generation]: Invalid max_acceleration_scaling_factor 0.000000 specified, defaulting to 1.000000 instead.
[move_group-10] [INFO] [1788662441.335848351] [move_group]: Calling PlanningResponseAdapter 'ValidateSolution'
[move_group-10] [ERROR] [1788662441.340197989] [move_group.move_group.moveit.ros.validate_solution]: Computed path is not valid. Invalid states at index locations: [ 41 42 ] out of 72. Explanations follow in command line. Contacts are published on /display_contacts
[move_group-10] [INFO] [1788662441.340568113] [move_group.move_group.moveit.core.moveit_collision_detection_fcl]: Found a contact between 'forearm_link' (type 'Robot link') and 'my_end_effector_link' (type 'Robot link'), which constitutes a collision. Contact information is not stored.
[move_group-10] [INFO] [1788662441.340600436] [move_group.move_group.moveit.core.moveit_collision_detection_fcl]: Collision checking is considered complete (collision was found and 0 contacts are stored)
[move_group-10] [INFO] [1788662441.340878597] [move_group.move_group.moveit.core.moveit_collision_detection_fcl]: Found a contact between 'forearm_link' (type 'Robot link') and 'my_end_effector_link' (type 'Robot link'), which constitutes a collision. Contact information is not stored.
[move_group-10] [INFO] [1788662441.340916012] [move_group.move_group.moveit.core.moveit_collision_detection_fcl]: Collision checking is considered complete (collision was found and 0 contacts are stored)
[move_group-10] [ERROR] [1788662441.341042729] [move_group.move_group.moveit.ros.validate_solution]: Completed listing of explanations for invalid states.
[move_group-10] [ERROR] [1788662441.341229347] [move_group]: PlanningResponseAdapter 'ValidateSolution' failed with error code INVALID_MOTION_PLAN
[move_group-10] [ERROR] [1788662441.341263611] [move_group.move_group.moveit.ros.move_group.plan_service]: Generating a plan with planning pipeline failed.
[move_group-10] [INFO] [1788662441.497041408] [move_group.move_group.moveit.ros.move_group.plan_service]: Received new planning service request...
[move_group-10] [INFO] [1788662441.497258347] [move_group]: Calling PlanningRequestAdapter 'ResolveConstraintFrames'
[move_group-10] [INFO] [1788662441.497298284] [move_group]: Calling PlanningRequestAdapter 'ValidateWorkspaceBounds'
[move_group-10] [WARN] [1788662441.497308661] [move_group.move_group.moveit.ros.validate_workspace_bounds]: It looks like the planning volume was not specified. Using default values.
[move_group-10] [INFO] [1788662441.497334509] [move_group]: Calling PlanningRequestAdapter 'CheckStartStateBounds'
[move_group-10] [ERROR] [1788662441.497409651] [move_group.move_group.moveit.core.conversions]: Found empty JointState message
[move_group-10] [INFO] [1788662441.497489546] [move_group]: Calling PlanningRequestAdapter 'CheckStartStateCollision'
[move_group-10] [ERROR] [1788662441.497512842] [move_group.move_group.moveit.core.conversions]: Found empty JointState message
[move_group-10] [ERROR] [1788662441.497712249] [move_group.move_group.moveit.core.conversions]: Found empty JointState message
[move_group-10] [INFO] [1788662441.498056835] [move_group.move_group.moveit.planners.ompl.model_based_planning_context]: Planner configuration 'cs625_arm' will use planner 'geometric::RRTConnect'. Additional configuration parameters will be set when the planner is constructed.
[move_group-10] [INFO] [1788662441.498152521] [move_group]: Calling Planner 'OMPL'
[move_group-10] [INFO] [1788662441.555754423] [move_group]: Calling PlanningResponseAdapter 'AddTimeOptimalParameterization'
[move_group-10] [WARN] [1788662441.555878408] [move_group.move_group.moveit.core.time_optimal_trajectory_generation]: Invalid max_velocity_scaling_factor 0.000000 specified, defaulting to 1.000000 instead.
[move_group-10] [WARN] [1788662441.555898732] [move_group.move_group.moveit.core.time_optimal_trajectory_generation]: Invalid max_acceleration_scaling_factor 0.000000 specified, defaulting to 1.000000 instead.
[move_group-10] [INFO] [1788662441.562834116] [move_group]: Calling PlanningResponseAdapter 'ValidateSolution'
[move_group-10] [INFO] [1788662441.565091536] [move_group]: Calling PlanningResponseAdapter 'DisplayMotionPath'
[move_group-10] [WARN] [1788662441.565284779] [move_group.move_group.moveit.ros.planning_pipeline]: The planner plugin did not fill out the 'planner_id' field of the MotionPlanResponse. Setting it to the planner ID name of the MotionPlanRequest assuming that the planner plugin does warn you if it does not use the requested planner.
[move_group-10] [INFO] [1788662441.746596413] [move_group.move_group.moveit.ros.move_group.plan_service]: Received new planning service request...
[move_group-10] [INFO] [1788662441.746727923] [move_group]: Calling PlanningRequestAdapter 'ResolveConstraintFrames'
[move_group-10] [INFO] [1788662441.746749428] [move_group]: Calling PlanningRequestAdapter 'ValidateWorkspaceBounds'
[move_group-10] [WARN] [1788662441.746754451] [move_group.move_group.moveit.ros.validate_workspace_bounds]: It looks like the planning volume was not specified. Using default values.
[move_group-10] [INFO] [1788662441.746767470] [move_group]: Calling PlanningRequestAdapter 'CheckStartStateBounds'
[move_group-10] [ERROR] [1788662441.746843813] [move_group.move_group.moveit.core.conversions]: Found empty JointState message
[move_group-10] [INFO] [1788662441.746928361] [move_group]: Calling PlanningRequestAdapter 'CheckStartStateCollision'
[move_group-10] [ERROR] [1788662441.746945753] [move_group.move_group.moveit.core.conversions]: Found empty JointState message
[move_group-10] [ERROR] [1788662441.747124005] [move_group.move_group.moveit.core.conversions]: Found empty JointState message
[move_group-10] [INFO] [1788662441.747360107] [move_group.move_group.moveit.planners.ompl.model_based_planning_context]: Planner configuration 'cs625_arm' will use planner 'geometric::RRTConnect'. Additional configuration parameters will be set when the planner is constructed.
[move_group-10] [INFO] [1788662441.747442704] [move_group]: Calling Planner 'OMPL'
[move_group-10] [INFO] [1788662441.770130842] [move_group]: Calling PlanningResponseAdapter 'AddTimeOptimalParameterization'
[move_group-10] [WARN] [1788662441.770253907] [move_group.move_group.moveit.core.time_optimal_trajectory_generation]: Invalid max_velocity_scaling_factor 0.000000 specified, defaulting to 1.000000 instead.
[move_group-10] [WARN] [1788662441.770340536] [move_group.move_group.moveit.core.time_optimal_trajectory_generation]: Invalid max_acceleration_scaling_factor 0.000000 specified, defaulting to 1.000000 instead.
[move_group-10] [INFO] [1788662441.776130018] [move_group]: Calling PlanningResponseAdapter 'ValidateSolution'
[move_group-10] [INFO] [1788662441.778659730] [move_group]: Calling PlanningResponseAdapter 'DisplayMotionPath'
[move_group-10] [WARN] [1788662441.778867183] [move_group.move_group.moveit.ros.planning_pipeline]: The planner plugin did not fill out the 'planner_id' field of the MotionPlanResponse. Setting it to the planner ID name of the MotionPlanRequest assuming that the planner plugin does warn you if it does not use the requested planner.
[move_group-10] [INFO] [1788662441.946640539] [move_group.move_group.moveit.ros.move_group.plan_service]: Received new planning service request...
[move_group-10] [INFO] [1788662441.946763493] [move_group]: Calling PlanningRequestAdapter 'ResolveConstraintFrames'
[move_group-10] [INFO] [1788662441.946784007] [move_group]: Calling PlanningRequestAdapter 'ValidateWorkspaceBounds'
[move_group-10] [WARN] [1788662441.946789321] [move_group.move_group.moveit.ros.validate_workspace_bounds]: It looks like the planning volume was not specified. Using default values.
[move_group-10] [INFO] [1788662441.946801169] [move_group]: Calling PlanningRequestAdapter 'CheckStartStateBounds'
[move_group-10] [ERROR] [1788662441.946822894] [move_group.move_group.moveit.core.conversions]: Found empty JointState message
[move_group-10] [INFO] [1788662441.946862311] [move_group]: Calling PlanningRequestAdapter 'CheckStartStateCollision'
[move_group-10] [ERROR] [1788662441.946871897] [move_group.move_group.moveit.core.conversions]: Found empty JointState message
[move_group-10] [ERROR] [1788662441.947034939] [move_group.move_group.moveit.core.conversions]: Found empty JointState message
[move_group-10] [INFO] [1788662441.947261985] [move_group.move_group.moveit.planners.ompl.model_based_planning_context]: Planner configuration 'cs625_arm' will use planner 'geometric::RRTConnect'. Additional configuration parameters will be set when the planner is constructed.
[move_group-10] [INFO] [1788662441.947333805] [move_group]: Calling Planner 'OMPL'
[move_group-10] [INFO] [1788662441.973538117] [move_group]: Calling PlanningResponseAdapter 'AddTimeOptimalParameterization'
[move_group-10] [WARN] [1788662441.973765899] [move_group.move_group.moveit.core.time_optimal_trajectory_generation]: Invalid max_velocity_scaling_factor 0.000000 specified, defaulting to 1.000000 instead.
[move_group-10] [WARN] [1788662441.973802174] [move_group.move_group.moveit.core.time_optimal_trajectory_generation]: Invalid max_acceleration_scaling_factor 0.000000 specified, defaulting to 1.000000 instead.
[move_group-10] [INFO] [1788662441.978370030] [move_group]: Calling PlanningResponseAdapter 'ValidateSolution'
[move_group-10] [INFO] [1788662441.980258427] [move_group]: Calling PlanningResponseAdapter 'DisplayMotionPath'
[move_group-10] [WARN] [1788662441.980395902] [move_group.move_group.moveit.ros.planning_pipeline]: The planner plugin did not fill out the 'planner_id' field of the MotionPlanResponse. Setting it to the planner ID name of the MotionPlanRequest assuming that the planner plugin does warn you if it does not use the requested planner.
[move_group-10] [INFO] [1788662442.146467876] [move_group.move_group.moveit.ros.move_group.plan_service]: Received new planning service request...
[move_group-10] [INFO] [1788662442.146579803] [move_group]: Calling PlanningRequestAdapter 'ResolveConstraintFrames'
[move_group-10] [INFO] [1788662442.146614467] [move_group]: Calling PlanningRequestAdapter 'ValidateWorkspaceBounds'
[move_group-10] [WARN] [1788662442.146625335] [move_group.move_group.moveit.ros.validate_workspace_bounds]: It looks like the planning volume was not specified. Using default values.
[move_group-10] [INFO] [1788662442.146642927] [move_group]: Calling PlanningRequestAdapter 'CheckStartStateBounds'
[move_group-10] [ERROR] [1788662442.146682694] [move_group.move_group.moveit.core.conversions]: Found empty JointState message
[move_group-10] [INFO] [1788662442.146738192] [move_group]: Calling PlanningRequestAdapter 'CheckStartStateCollision'
[move_group-10] [ERROR] [1788662442.146748830] [move_group.move_group.moveit.core.conversions]: Found empty JointState message
[move_group-10] [ERROR] [1788662442.146882291] [move_group.move_group.moveit.core.conversions]: Found empty JointState message
[move_group-10] [INFO] [1788662442.147139108] [move_group.move_group.moveit.planners.ompl.model_based_planning_context]: Planner configuration 'cs625_arm' will use planner 'geometric::RRTConnect'. Additional configuration parameters will be set when the planner is constructed.
[move_group-10] [INFO] [1788662442.147202161] [move_group]: Calling Planner 'OMPL'
[move_group-10] [INFO] [1788662442.163708809] [move_group]: Calling PlanningResponseAdapter 'AddTimeOptimalParameterization'
[move_group-10] [WARN] [1788662442.163787553] [move_group.move_group.moveit.core.time_optimal_trajectory_generation]: Invalid max_velocity_scaling_factor 0.000000 specified, defaulting to 1.000000 instead.
[move_group-10] [WARN] [1788662442.163810129] [move_group.move_group.moveit.core.time_optimal_trajectory_generation]: Invalid max_acceleration_scaling_factor 0.000000 specified, defaulting to 1.000000 instead.
[move_group-10] [INFO] [1788662442.166753593] [move_group]: Calling PlanningResponseAdapter 'ValidateSolution'
[move_group-10] [INFO] [1788662442.167851243] [move_group]: Calling PlanningResponseAdapter 'DisplayMotionPath'
[move_group-10] [WARN] [1788662442.168624975] [move_group.move_group.moveit.ros.planning_pipeline]: The planner plugin did not fill out the 'planner_id' field of the MotionPlanResponse. Setting it to the planner ID name of the MotionPlanRequest assuming that the planner plugin does warn you if it does not use the requested planner.
[move_group-10] [INFO] [1788662442.346779866] [move_group.move_group.moveit.ros.move_group.plan_service]: Received new planning service request...
[move_group-10] [INFO] [1788662442.346933791] [move_group]: Calling PlanningRequestAdapter 'ResolveConstraintFrames'
[move_group-10] [INFO] [1788662442.346959219] [move_group]: Calling PlanningRequestAdapter 'ValidateWorkspaceBounds'
[move_group-10] [WARN] [1788662442.346966354] [move_group.move_group.moveit.ros.validate_workspace_bounds]: It looks like the planning volume was not specified. Using default values.
[move_group-10] [INFO] [1788662442.347017379] [move_group]: Calling PlanningRequestAdapter 'CheckStartStateBounds'
[move_group-10] [ERROR] [1788662442.347038553] [move_group.move_group.moveit.core.conversions]: Found empty JointState message
[move_group-10] [INFO] [1788662442.347091610] [move_group]: Calling PlanningRequestAdapter 'CheckStartStateCollision'
[move_group-10] [ERROR] [1788662442.347104989] [move_group.move_group.moveit.core.conversions]: Found empty JointState message
[move_group-10] [ERROR] [1788662442.347286224] [move_group.move_group.moveit.core.conversions]: Found empty JointState message
[move_group-10] [INFO] [1788662442.347601090] [move_group.move_group.moveit.planners.ompl.model_based_planning_context]: Planner configuration 'cs625_arm' will use planner 'geometric::RRTConnect'. Additional configuration parameters will be set when the planner is constructed.
[move_group-10] [INFO] [1788662442.347679895] [move_group]: Calling Planner 'OMPL'
[move_group-10] [INFO] [1788662442.364214946] [move_group]: Calling PlanningResponseAdapter 'AddTimeOptimalParameterization'
[move_group-10] [WARN] [1788662442.364318518] [move_group.move_group.moveit.core.time_optimal_trajectory_generation]: Invalid max_velocity_scaling_factor 0.000000 specified, defaulting to 1.000000 instead.
[move_group-10] [WARN] [1788662442.364344105] [move_group.move_group.moveit.core.time_optimal_trajectory_generation]: Invalid max_acceleration_scaling_factor 0.000000 specified, defaulting to 1.000000 instead.
[move_group-10] [INFO] [1788662442.367003004] [move_group]: Calling PlanningResponseAdapter 'ValidateSolution'
[move_group-10] [INFO] [1788662442.367504019] [move_group]: Calling PlanningResponseAdapter 'DisplayMotionPath'
[move_group-10] [WARN] [1788662442.367603657] [move_group.move_group.moveit.ros.planning_pipeline]: The planner plugin did not fill out the 'planner_id' field of the MotionPlanResponse. Setting it to the planner ID name of the MotionPlanRequest assuming that the planner plugin does warn you if it does not use the requested planner.
[move_group-10] [INFO] [1788662442.546467281] [move_group.move_group.moveit.ros.move_group.plan_service]: Received new planning service request...
[move_group-10] [INFO] [1788662442.546590099] [move_group]: Calling PlanningRequestAdapter 'ResolveConstraintFrames'
[move_group-10] [INFO] [1788662442.546622038] [move_group]: Calling PlanningRequestAdapter 'ValidateWorkspaceBounds'
[move_group-10] [WARN] [1788662442.546631396] [move_group.move_group.moveit.ros.validate_workspace_bounds]: It looks like the planning volume was not specified. Using default values.
[move_group-10] [INFO] [1788662442.546650802] [move_group]: Calling PlanningRequestAdapter 'CheckStartStateBounds'
[move_group-10] [ERROR] [1788662442.546680297] [move_group.move_group.moveit.core.conversions]: Found empty JointState message
[move_group-10] [INFO] [1788662442.546763040] [move_group]: Calling PlanningRequestAdapter 'CheckStartStateCollision'
[move_group-10] [ERROR] [1788662442.546783248] [move_group.move_group.moveit.core.conversions]: Found empty JointState message
[move_group-10] [ERROR] [1788662442.546991385] [move_group.move_group.moveit.core.conversions]: Found empty JointState message
[move_group-10] [INFO] [1788662442.547304908] [move_group.move_group.moveit.planners.ompl.model_based_planning_context]: Planner configuration 'cs625_arm' will use planner 'geometric::RRTConnect'. Additional configuration parameters will be set when the planner is constructed.
[move_group-10] [INFO] [1788662442.547386249] [move_group]: Calling Planner 'OMPL'
[move_group-10] [INFO] [1788662442.562737461] [move_group]: Calling PlanningResponseAdapter 'AddTimeOptimalParameterization'
[move_group-10] [WARN] [1788662442.562866421] [move_group.move_group.moveit.core.time_optimal_trajectory_generation]: Invalid max_velocity_scaling_factor 0.000000 specified, defaulting to 1.000000 instead.
[move_group-10] [WARN] [1788662442.562895445] [move_group.move_group.moveit.core.time_optimal_trajectory_generation]: Invalid max_acceleration_scaling_factor 0.000000 specified, defaulting to 1.000000 instead.
[move_group-10] [INFO] [1788662442.566490528] [move_group]: Calling PlanningResponseAdapter 'ValidateSolution'
[move_group-10] [INFO] [1788662442.567431216] [move_group]: Calling PlanningResponseAdapter 'DisplayMotionPath'
[move_group-10] [WARN] [1788662442.567518539] [move_group.move_group.moveit.ros.planning_pipeline]: The planner plugin did not fill out the 'planner_id' field of the MotionPlanResponse. Setting it to the planner ID name of the MotionPlanRequest assuming that the planner plugin does warn you if it does not use the requested planner.
[move_group-10] [INFO] [1788662442.746568697] [move_group.move_group.moveit.ros.move_group.plan_service]: Received new planning service request...
[move_group-10] [INFO] [1788662442.746701644] [move_group]: Calling PlanningRequestAdapter 'ResolveConstraintFrames'
[move_group-10] [INFO] [1788662442.746718736] [move_group]: Calling PlanningRequestAdapter 'ValidateWorkspaceBounds'
[move_group-10] [WARN] [1788662442.746723955] [move_group.move_group.moveit.ros.validate_workspace_bounds]: It looks like the planning volume was not specified. Using default values.
[move_group-10] [INFO] [1788662442.746735346] [move_group]: Calling PlanningRequestAdapter 'CheckStartStateBounds'
[move_group-10] [ERROR] [1788662442.746755233] [move_group.move_group.moveit.core.conversions]: Found empty JointState message
[move_group-10] [INFO] [1788662442.746807851] [move_group]: Calling PlanningRequestAdapter 'CheckStartStateCollision'
[move_group-10] [ERROR] [1788662442.746817960] [move_group.move_group.moveit.core.conversions]: Found empty JointState message
[move_group-10] [ERROR] [1788662442.746942451] [move_group.move_group.moveit.core.conversions]: Found empty JointState message
[move_group-10] [INFO] [1788662442.747170265] [move_group.move_group.moveit.planners.ompl.model_based_planning_context]: Planner configuration 'cs625_arm' will use planner 'geometric::RRTConnect'. Additional configuration parameters will be set when the planner is constructed.
[move_group-10] [INFO] [1788662442.747238361] [move_group]: Calling Planner 'OMPL'
[move_group-10] [INFO] [1788662442.777711194] [move_group]: Calling PlanningResponseAdapter 'AddTimeOptimalParameterization'
[move_group-10] [WARN] [1788662442.777801542] [move_group.move_group.moveit.core.time_optimal_trajectory_generation]: Invalid max_velocity_scaling_factor 0.000000 specified, defaulting to 1.000000 instead.
[move_group-10] [WARN] [1788662442.777819255] [move_group.move_group.moveit.core.time_optimal_trajectory_generation]: Invalid max_acceleration_scaling_factor 0.000000 specified, defaulting to 1.000000 instead.
[move_group-10] [INFO] [1788662442.784838994] [move_group]: Calling PlanningResponseAdapter 'ValidateSolution'
[move_group-10] [INFO] [1788662442.786146445] [move_group]: Calling PlanningResponseAdapter 'DisplayMotionPath'
[move_group-10] [WARN] [1788662442.786259545] [move_group.move_group.moveit.ros.planning_pipeline]: The planner plugin did not fill out the 'planner_id' field of the MotionPlanResponse. Setting it to the planner ID name of the MotionPlanRequest assuming that the planner plugin does warn you if it does not use the requested planner.
[move_group-10] [INFO] [1788662442.946545656] [move_group.move_group.moveit.ros.move_group.plan_service]: Received new planning service request...
[move_group-10] [INFO] [1788662442.946709971] [move_group]: Calling PlanningRequestAdapter 'ResolveConstraintFrames'
[move_group-10] [INFO] [1788662442.946738845] [move_group]: Calling PlanningRequestAdapter 'ValidateWorkspaceBounds'
[move_group-10] [WARN] [1788662442.946749124] [move_group.move_group.moveit.ros.validate_workspace_bounds]: It looks like the planning volume was not specified. Using default values.
[move_group-10] [INFO] [1788662442.946783388] [move_group]: Calling PlanningRequestAdapter 'CheckStartStateBounds'
[move_group-10] [ERROR] [1788662442.946807523] [move_group.move_group.moveit.core.conversions]: Found empty JointState message
[move_group-10] [INFO] [1788662442.946864518] [move_group]: Calling PlanningRequestAdapter 'CheckStartStateCollision'
[move_group-10] [ERROR] [1788662442.946883844] [move_group.move_group.moveit.core.conversions]: Found empty JointState message
[move_group-10] [ERROR] [1788662442.947074148] [move_group.move_group.moveit.core.conversions]: Found empty JointState message
[move_group-10] [INFO] [1788662442.947362564] [move_group.move_group.moveit.planners.ompl.model_based_planning_context]: Planner configuration 'cs625_arm' will use planner 'geometric::RRTConnect'. Additional configuration parameters will be set when the planner is constructed.
[move_group-10] [INFO] [1788662442.947425982] [move_group]: Calling Planner 'OMPL'
[move_group-10] [INFO] [1788662442.982079667] [move_group]: Calling PlanningResponseAdapter 'AddTimeOptimalParameterization'
[move_group-10] [WARN] [1788662442.982176327] [move_group.move_group.moveit.core.time_optimal_trajectory_generation]: Invalid max_velocity_scaling_factor 0.000000 specified, defaulting to 1.000000 instead.
[move_group-10] [WARN] [1788662442.982206032] [move_group.move_group.moveit.core.time_optimal_trajectory_generation]: Invalid max_acceleration_scaling_factor 0.000000 specified, defaulting to 1.000000 instead.
[move_group-10] [INFO] [1788662442.990857264] [move_group]: Calling PlanningResponseAdapter 'ValidateSolution'
[move_group-10] [INFO] [1788662442.992532659] [move_group]: Calling PlanningResponseAdapter 'DisplayMotionPath'
[move_group-10] [WARN] [1788662442.992646661] [move_group.move_group.moveit.ros.planning_pipeline]: The planner plugin did not fill out the 'planner_id' field of the MotionPlanResponse. Setting it to the planner ID name of the MotionPlanRequest assuming that the planner plugin does warn you if it does not use the requested planner.
[move_group-10] [INFO] [1788662443.146735596] [move_group.move_group.moveit.ros.move_group.plan_service]: Received new planning service request...
[move_group-10] [INFO] [1788662443.146880696] [move_group]: Calling PlanningRequestAdapter 'ResolveConstraintFrames'
[move_group-10] [INFO] [1788662443.146909299] [move_group]: Calling PlanningRequestAdapter 'ValidateWorkspaceBounds'
[move_group-10] [WARN] [1788662443.146918757] [move_group.move_group.moveit.ros.validate_workspace_bounds]: It looks like the planning volume was not specified. Using default values.
[move_group-10] [INFO] [1788662443.146937772] [move_group]: Calling PlanningRequestAdapter 'CheckStartStateBounds'
[move_group-10] [ERROR] [1788662443.146966666] [move_group.move_group.moveit.core.conversions]: Found empty JointState message
[move_group-10] [INFO] [1788662443.147040193] [move_group]: Calling PlanningRequestAdapter 'CheckStartStateCollision'
[move_group-10] [ERROR] [1788662443.147060200] [move_group.move_group.moveit.core.conversions]: Found empty JointState message
[move_group-10] [ERROR] [1788662443.147229104] [move_group.move_group.moveit.core.conversions]: Found empty JointState message
[move_group-10] [INFO] [1788662443.147507011] [move_group.move_group.moveit.planners.ompl.model_based_planning_context]: Planner configuration 'cs625_arm' will use planner 'geometric::RRTConnect'. Additional configuration parameters will be set when the planner is constructed.
[move_group-10] [INFO] [1788662443.147581039] [move_group]: Calling Planner 'OMPL'
[move_group-10] [INFO] [1788662443.171944347] [move_group]: Calling PlanningResponseAdapter 'AddTimeOptimalParameterization'
[move_group-10] [WARN] [1788662443.172053009] [move_group.move_group.moveit.core.time_optimal_trajectory_generation]: Invalid max_velocity_scaling_factor 0.000000 specified, defaulting to 1.000000 instead.
[move_group-10] [WARN] [1788662443.172081492] [move_group.move_group.moveit.core.time_optimal_trajectory_generation]: Invalid max_acceleration_scaling_factor 0.000000 specified, defaulting to 1.000000 instead.
[move_group-10] [INFO] [1788662443.176798085] [move_group]: Calling PlanningResponseAdapter 'ValidateSolution'
[move_group-10] [INFO] [1788662443.177795070] [move_group]: Calling PlanningResponseAdapter 'DisplayMotionPath'
[move_group-10] [WARN] [1788662443.177920082] [move_group.move_group.moveit.ros.planning_pipeline]: The planner plugin did not fill out the 'planner_id' field of the MotionPlanResponse. Setting it to the planner ID name of the MotionPlanRequest assuming that the planner plugin does warn you if it does not use the requested planner.
[reachability_filter-7] [INFO] [1788662443.341586824] [cs625_reachability_filter]: Published reachable candidates for P4: 20 candidates, subscribers=1
[reachability_filter-7] [INFO] [1788662443.360041055] [cs625_reachability_filter]: P3 reachability complete: 20/24 reachable; failures={'PLANNING_FAILED': 4}
[move_group-10] [INFO] [1788662443.517718112] [move_group.move_group.moveit.ros.move_group.plan_service]: Received new planning service request...
[move_group-10] [INFO] [1788662443.517877328] [move_group]: Calling PlanningRequestAdapter 'ResolveConstraintFrames'
[move_group-10] [INFO] [1788662443.517907585] [move_group]: Calling PlanningRequestAdapter 'ValidateWorkspaceBounds'
[move_group-10] [WARN] [1788662443.517915970] [move_group.move_group.moveit.ros.validate_workspace_bounds]: It looks like the planning volume was not specified. Using default values.
[move_group-10] [INFO] [1788662443.517940847] [move_group]: Calling PlanningRequestAdapter 'CheckStartStateBounds'
[move_group-10] [ERROR] [1788662443.517977174] [move_group.move_group.moveit.core.conversions]: Found empty JointState message
[move_group-10] [INFO] [1788662443.518031645] [move_group]: Calling PlanningRequestAdapter 'CheckStartStateCollision'
[move_group-10] [ERROR] [1788662443.518048998] [move_group.move_group.moveit.core.conversions]: Found empty JointState message
[move_group-10] [ERROR] [1788662443.518254219] [move_group.move_group.moveit.core.conversions]: Found empty JointState message
[move_group-10] [INFO] [1788662443.518570838] [move_group.move_group.moveit.planners.ompl.model_based_planning_context]: Planner configuration 'cs625_arm' will use planner 'geometric::RRTConnect'. Additional configuration parameters will be set when the planner is constructed.
[move_group-10] [INFO] [1788662443.518661216] [move_group]: Calling Planner 'OMPL'
[move_group-10] [INFO] [1788662443.548842270] [move_group]: Calling PlanningResponseAdapter 'AddTimeOptimalParameterization'
[move_group-10] [INFO] [1788662443.551243111] [move_group]: Calling PlanningResponseAdapter 'ValidateSolution'
[move_group-10] [INFO] [1788662443.552343488] [move_group]: Calling PlanningResponseAdapter 'DisplayMotionPath'
[move_group-10] [WARN] [1788662443.552445578] [move_group.move_group.moveit.ros.planning_pipeline]: The planner plugin did not fill out the 'planner_id' field of the MotionPlanResponse. Setting it to the planner ID name of the MotionPlanRequest assuming that the planner plugin does warn you if it does not use the requested planner.
[gazebo-2] [INFO] [1788662443.567559331] [joint_trajectory_controller]: Received new action goal
[gazebo-2] [INFO] [1788662443.567650541] [joint_trajectory_controller]: Accepted new action goal
[reachability_filter-7] [INFO] [1788662443.864008943] [cs625_reachability_filter]: Replayed reachable candidates for P4: remaining=3, subscribers=1
[reachability_filter-7] [INFO] [1788662444.364320176] [cs625_reachability_filter]: Replayed reachable candidates for P4: remaining=2, subscribers=1
[reachability_filter-7] [INFO] [1788662444.864217451] [cs625_reachability_filter]: Replayed reachable candidates for P4: remaining=1, subscribers=1
[reachability_filter-7] [INFO] [1788662445.362121302] [cs625_reachability_filter]: Replayed reachable candidates for P4: remaining=0, subscribers=1
[gazebo-2] [ERROR] [1788662486.299090206] [tolerances]: State tolerances failed for joint 0:
[gazebo-2] [ERROR] [1788662486.299199017] [tolerances]: Position Error: -2.233995, Position Tolerance: 0.010000
[gazebo-2] [ERROR] [1788662486.299219185] [tolerances]: State tolerances failed for joint 1:
[gazebo-2] [ERROR] [1788662486.299225717] [tolerances]: Position Error: 0.601460, Position Tolerance: 0.010000
[gazebo-2] [WARN] [1788662486.299249701] [joint_trajectory_controller]: Aborted due to goal_time_tolerance exceeding by 5.002282 seconds
[move_group-10] [INFO] [1788662486.467806267] [move_group.move_group.moveit.ros.move_group.plan_service]: Received new planning service request...
[move_group-10] [INFO] [1788662486.467990838] [move_group]: Calling PlanningRequestAdapter 'ResolveConstraintFrames'
[move_group-10] [INFO] [1788662486.468063653] [move_group]: Calling PlanningRequestAdapter 'ValidateWorkspaceBounds'
[move_group-10] [WARN] [1788662486.468073180] [move_group.move_group.moveit.ros.validate_workspace_bounds]: It looks like the planning volume was not specified. Using default values.
[move_group-10] [INFO] [1788662486.468091785] [move_group]: Calling PlanningRequestAdapter 'CheckStartStateBounds'
[move_group-10] [ERROR] [1788662486.468144151] [move_group.move_group.moveit.core.conversions]: Found empty JointState message
[move_group-10] [INFO] [1788662486.468234529] [move_group]: Calling PlanningRequestAdapter 'CheckStartStateCollision'
[move_group-10] [ERROR] [1788662486.468257000] [move_group.move_group.moveit.core.conversions]: Found empty JointState message
[move_group-10] [ERROR] [1788662486.468565320] [move_group.move_group.moveit.core.conversions]: Found empty JointState message
[move_group-10] [INFO] [1788662486.469007838] [move_group.move_group.moveit.planners.ompl.model_based_planning_context]: Planner configuration 'cs625_arm' will use planner 'geometric::RRTConnect'. Additional configuration parameters will be set when the planner is constructed.
[move_group-10] [INFO] [1788662486.469111430] [move_group]: Calling Planner 'OMPL'
[move_group-10] [INFO] [1788662486.544411742] [move_group]: Calling PlanningResponseAdapter 'AddTimeOptimalParameterization'
[move_group-10] [INFO] [1788662486.558166212] [move_group]: Calling PlanningResponseAdapter 'ValidateSolution'
[move_group-10] [INFO] [1788662486.561162692] [move_group]: Calling PlanningResponseAdapter 'DisplayMotionPath'
[move_group-10] [WARN] [1788662486.561291620] [move_group.move_group.moveit.ros.planning_pipeline]: The planner plugin did not fill out the 'planner_id' field of the MotionPlanResponse. Setting it to the planner ID name of the MotionPlanRequest assuming that the planner plugin does warn you if it does not use the requested planner.
[gazebo-2] [INFO] [1788662486.567930614] [joint_trajectory_controller]: Received new action goal
[gazebo-2] [INFO] [1788662486.568023405] [joint_trajectory_controller]: Accepted new action goal
[gazebo-2] [ERROR] [1788662554.358806699] [tolerances]: State tolerances failed for joint 0:
[gazebo-2] [ERROR] [1788662554.359150124] [tolerances]: Position Error: 1.138368, Position Tolerance: 0.010000
[gazebo-2] [ERROR] [1788662554.359174312] [tolerances]: State tolerances failed for joint 1:
[gazebo-2] [ERROR] [1788662554.359182394] [tolerances]: Position Error: -0.912135, Position Tolerance: 0.010000
[gazebo-2] [ERROR] [1788662554.359190878] [tolerances]: State tolerances failed for joint 2:
[gazebo-2] [ERROR] [1788662554.359197575] [tolerances]: Position Error: 0.555532, Position Tolerance: 0.010000
[gazebo-2] [ERROR] [1788662554.359206009] [tolerances]: State tolerances failed for joint 3:
[gazebo-2] [ERROR] [1788662554.359212937] [tolerances]: Position Error: 0.389133, Position Tolerance: 0.010000
[gazebo-2] [ERROR] [1788662554.359221421] [tolerances]: State tolerances failed for joint 5:
[gazebo-2] [ERROR] [1788662554.359228751] [tolerances]: Position Error: -1.801611, Position Tolerance: 0.010000
[gazebo-2] [WARN] [1788662554.359251693] [joint_trajectory_controller]: Aborted due to goal_time_tolerance exceeding by 5.007427 seconds
[move_group-10] [INFO] [1788662554.591844085] [move_group.move_group.moveit.ros.move_group.plan_service]: Received new planning service request...
[move_group-10] [INFO] [1788662554.592082975] [move_group]: Calling PlanningRequestAdapter 'ResolveConstraintFrames'
[move_group-10] [INFO] [1788662554.592158881] [move_group]: Calling PlanningRequestAdapter 'ValidateWorkspaceBounds'
[move_group-10] [WARN] [1788662554.592171863] [move_group.move_group.moveit.ros.validate_workspace_bounds]: It looks like the planning volume was not specified. Using default values.
[move_group-10] [INFO] [1788662554.592192325] [move_group]: Calling PlanningRequestAdapter 'CheckStartStateBounds'
[move_group-10] [ERROR] [1788662554.592350903] [move_group.move_group.moveit.core.conversions]: Found empty JointState message
[move_group-10] [INFO] [1788662554.592435864] [move_group]: Calling PlanningRequestAdapter 'CheckStartStateCollision'
[move_group-10] [ERROR] [1788662554.592482853] [move_group.move_group.moveit.core.conversions]: Found empty JointState message
[move_group-10] [ERROR] [1788662554.592832489] [move_group.move_group.moveit.core.conversions]: Found empty JointState message
[move_group-10] [INFO] [1788662554.593314657] [move_group.move_group.moveit.planners.ompl.model_based_planning_context]: Planner configuration 'cs625_arm' will use planner 'geometric::RRTConnect'. Additional configuration parameters will be set when the planner is constructed.
[move_group-10] [INFO] [1788662554.593432170] [move_group]: Calling Planner 'OMPL'
[move_group-10] [INFO] [1788662554.613044786] [move_group]: Calling PlanningResponseAdapter 'AddTimeOptimalParameterization'
[move_group-10] [INFO] [1788662554.615311619] [move_group]: Calling PlanningResponseAdapter 'ValidateSolution'
[move_group-10] [INFO] [1788662554.616900301] [move_group]: Calling PlanningResponseAdapter 'DisplayMotionPath'
[move_group-10] [WARN] [1788662554.618189313] [move_group.move_group.moveit.ros.planning_pipeline]: The planner plugin did not fill out the 'planner_id' field of the MotionPlanResponse. Setting it to the planner ID name of the MotionPlanRequest assuming that the planner plugin does warn you if it does not use the requested planner.
[gazebo-2] [INFO] [1788662554.643414448] [joint_trajectory_controller]: Received new action goal
[gazebo-2] [INFO] [1788662554.643486006] [joint_trajectory_controller]: Accepted new action goal
[gazebo-2] [ERROR] [1788662599.708875169] [tolerances]: State tolerances failed for joint 0:
[gazebo-2] [ERROR] [1788662599.708991517] [tolerances]: Position Error: 1.613202, Position Tolerance: 0.010000
[gazebo-2] [ERROR] [1788662599.709010172] [tolerances]: State tolerances failed for joint 1:
[gazebo-2] [ERROR] [1788662599.709018217] [tolerances]: Position Error: -0.330934, Position Tolerance: 0.010000
[gazebo-2] [WARN] [1788662599.709038295] [joint_trajectory_controller]: Aborted due to goal_time_tolerance exceeding by 5.004531 seconds
[move_group-10] [INFO] [1788662601.685024103] [rclcpp]: signal_handler(SIGINT/SIGTERM)
[robot_state_publisher-9] [INFO] [1788662601.684993180] [rclcpp]: signal_handler(SIGINT/SIGTERM)
[parameter_bridge-4] [INFO] [1788662601.685099489] [rclcpp]: signal_handler(SIGINT/SIGTERM)
[parameter_bridge-1] [INFO] [1788662601.685124897] [rclcpp]: signal_handler(SIGINT/SIGTERM)
[move_group-10] Stack trace (most recent call last):
[move_group-10] #6    Object "/usr/lib/x86_64-linux-gnu/ld-linux-x86-64.so.2", at 0xffffffffffffffff, in 
[move_group-10] #5    Object "/opt/ros/jazzy/lib/moveit_ros_move_group/move_group", at 0x607d56228a44, in _start
[move_group-10] #4    Object "/usr/lib/x86_64-linux-gnu/libc.so.6", at 0x79204fa2a28a, in __libc_start_main
[move_group-10] #3    Object "/usr/lib/x86_64-linux-gnu/libc.so.6", at 0x79204fa2a1c9, in 
[move_group-10] #2    Object "/opt/ros/jazzy/lib/moveit_ros_move_group/move_group", at 0x607d56227517, in main
[move_group-10] #1    Object "/opt/ros/jazzy/lib/librclcpp.so", at 0x792050314767, in rclcpp::Executor::~Executor()
[move_group-10] #0    Object "/opt/ros/jazzy/lib/librclcpp.so", at 0x79205030f24e, in 
[move_group-10] Segmentation fault (Address not mapped to object [0x79200d008170])
[INFO] [parameter_bridge-1]: process has finished cleanly [pid 16243]
[rgbd_sensor_adapter-5] Traceback (most recent call last):
[rgbd_sensor_adapter-5]   File "/home/oy/cs625_p56_install/lib/cs625_sensor_adapter/rgbd_sensor_adapter", line 33, in <module>
[rgbd_sensor_adapter-5]     sys.exit(load_entry_point('cs625-sensor-adapter', 'console_scripts', 'rgbd_sensor_adapter')())
[rgbd_sensor_adapter-5]              ^^^^^^^^^^^^^^^^^^^^^^^^^^^^^^^^^^^^^^^^^^^^^^^^^^^^^^^^^^^^^^^^^^^^^^^^^^^^^^^^^^^^
[rgbd_sensor_adapter-5]   File "/home/oy/cs625_p56_build/cs625_sensor_adapter/cs625_sensor_adapter/point_cloud_relay.py", line 273, in main
[INFO] [parameter_bridge-4]: process has finished cleanly [pid 16246]
[INFO] [robot_state_publisher-9]: process has finished cleanly [pid 16411]
[candidate_generator-6] Traceback (most recent call last):
[candidate_generator-6]   File "/home/oy/cs625_p56_install/lib/cs625_view_generation/candidate_generator", line 33, in <module>
[candidate_generator-6]     sys.exit(load_entry_point('cs625-view-generation', 'console_scripts', 'candidate_generator')())
[candidate_generator-6]              ^^^^^^^^^^^^^^^^^^^^^^^^^^^^^^^^^^^^^^^^^^^^^^^^^^^^^^^^^^^^^^^^^^^^^^^^^^^^^^^^^^^^^
[candidate_generator-6]   File "/home/oy/cs625_p56_build/cs625_view_generation/cs625_view_generation/candidate_generator.py", line 199, in main
[candidate_generator-6]     rclpy.spin(node)
[candidate_generator-6]   File "/opt/ros/jazzy/lib/python3.12/site-packages/rclpy/__init__.py", line 247, in spin
[candidate_generator-6]     executor.spin_once()
[candidate_generator-6]   File "/opt/ros/jazzy/lib/python3.12/site-packages/rclpy/executors.py", line 926, in spin_once
[candidate_generator-6]     self._spin_once_impl(timeout_sec)
[candidate_generator-6]   File "/opt/ros/jazzy/lib/python3.12/site-packages/rclpy/executors.py", line 907, in _spin_once_impl
[candidate_generator-6]     handler, entity, node = self.wait_for_ready_callbacks(
[candidate_generator-6]                             ^^^^^^^^^^^^^^^^^^^^^^^^^^^^^^
[candidate_generator-6]   File "/opt/ros/jazzy/lib/python3.12/site-packages/rclpy/executors.py", line 877, in wait_for_ready_callbacks
[candidate_generator-6]     return next(self._cb_iter)
[candidate_generator-6]            ^^^^^^^^^^^^^^^^^^^
[candidate_generator-6]   File "/opt/ros/jazzy/lib/python3.12/site-packages/rclpy/executors.py", line 785, in _wait_for_ready_callbacks
[candidate_generator-6]     raise ExternalShutdownException()
[candidate_generator-6] rclpy.executors.ExternalShutdownException
[rgbd_sensor_adapter-5]     rclpy.spin(node)
[rgbd_sensor_adapter-5]   File "/opt/ros/jazzy/lib/python3.12/site-packages/rclpy/__init__.py", line 247, in spin
[rgbd_sensor_adapter-5]     executor.spin_once()
[rgbd_sensor_adapter-5]   File "/opt/ros/jazzy/lib/python3.12/site-packages/rclpy/executors.py", line 926, in spin_once
[rgbd_sensor_adapter-5]     self._spin_once_impl(timeout_sec)
[rgbd_sensor_adapter-5]   File "/opt/ros/jazzy/lib/python3.12/site-packages/rclpy/executors.py", line 907, in _spin_once_impl
[rgbd_sensor_adapter-5]     handler, entity, node = self.wait_for_ready_callbacks(
[rgbd_sensor_adapter-5]                             ^^^^^^^^^^^^^^^^^^^^^^^^^^^^^^
[rgbd_sensor_adapter-5]   File "/opt/ros/jazzy/lib/python3.12/site-packages/rclpy/executors.py", line 877, in wait_for_ready_callbacks
[rgbd_sensor_adapter-5]     return next(self._cb_iter)
[rgbd_sensor_adapter-5]            ^^^^^^^^^^^^^^^^^^^
[rgbd_sensor_adapter-5]   File "/opt/ros/jazzy/lib/python3.12/site-packages/rclpy/executors.py", line 785, in _wait_for_ready_callbacks
[rgbd_sensor_adapter-5]     raise ExternalShutdownException()
[rgbd_sensor_adapter-5] rclpy.executors.ExternalShutdownException
[gazebo-2] [INFO] [1788662601.862819197] [controller_manager.pal_statistics]: Async messages lost 0
[gazebo-2] [INFO] [1788662601.862987322] [controller_manager.pal_statistics]: publish_async_failures_ 0
[gazebo-2] [INFO] [1788662601.866907293] [controller_manager.pal_statistics]: Async messages lost 0
[gazebo-2] [INFO] [1788662601.866972455] [controller_manager.pal_statistics]: publish_async_failures_ 0
[reachability_filter-7] Traceback (most recent call last):
[reachability_filter-7]   File "/home/oy/cs625_p56_install/lib/cs625_motion_adapter/reachability_filter", line 33, in <module>
[reachability_filter-7]     sys.exit(load_entry_point('cs625-motion-adapter', 'console_scripts', 'reachability_filter')())
[reachability_filter-7]              ^^^^^^^^^^^^^^^^^^^^^^^^^^^^^^^^^^^^^^^^^^^^^^^^^^^^^^^^^^^^^^^^^^^^^^^^^^^^^^^^^^^^
[reachability_filter-7]   File "/home/oy/cs625_p56_build/cs625_motion_adapter/cs625_motion_adapter/reachability_filter.py", line 491, in main
[reachability_filter-7]     rclpy.spin(node)
[reachability_filter-7]   File "/opt/ros/jazzy/lib/python3.12/site-packages/rclpy/__init__.py", line 247, in spin
[reachability_filter-7]     executor.spin_once()
[reachability_filter-7]   File "/opt/ros/jazzy/lib/python3.12/site-packages/rclpy/executors.py", line 926, in spin_once
[reachability_filter-7]     self._spin_once_impl(timeout_sec)
[reachability_filter-7]   File "/opt/ros/jazzy/lib/python3.12/site-packages/rclpy/executors.py", line 907, in _spin_once_impl
[reachability_filter-7]     handler, entity, node = self.wait_for_ready_callbacks(
[reachability_filter-7]                             ^^^^^^^^^^^^^^^^^^^^^^^^^^^^^^
[reachability_filter-7]   File "/opt/ros/jazzy/lib/python3.12/site-packages/rclpy/executors.py", line 877, in wait_for_ready_callbacks
[reachability_filter-7]     return next(self._cb_iter)
[reachability_filter-7]            ^^^^^^^^^^^^^^^^^^^
[reachability_filter-7]   File "/opt/ros/jazzy/lib/python3.12/site-packages/rclpy/executors.py", line 785, in _wait_for_ready_callbacks
[reachability_filter-7]     raise ExternalShutdownException()
[reachability_filter-7] rclpy.executors.ExternalShutdownException
[gazebo-2] [1;36m[Dbg] [SignalHandler.cc:142] [0m[1;36mReceived signal[[0m[1;36m2[0m[1;36m].[0m
[gazebo-2] [1;36m[Dbg] [ServerPrivate.cc:122] [0m[1;36mServer received signal[[0m[1;36m2[0m[1;36m][0m
[gazebo-2] [1;36m[Dbg] [Sensors.cc:565] [0m[1;36mSensorsPrivate::Stop[0m[1;36m[0m
[gazebo-2] [1;36m[Dbg] [Sensors.cc:551] [0m[1;36mSensorsPrivate::RenderThread stopped[0m[1;36m[0m
[gazebo-2] [1;36m[Dbg] [gz.cc:434] [0m[1;36mShutting down gz-sim-server[0m[1;36m[0m
[gazebo-2] [1;36m[Dbg] [SimulationRunner.cc:578] [0m[1;36mExiting postupdate worker thread ([0m[1;36m0[0m[1;36m)[0m[1;36m[0m
[gazebo-2] [1;36m[Dbg] [SimulationRunner.cc:578] [0m[1;36mExiting postupdate worker thread ([0m[1;36m2[0m[1;36m)[0m[1;36m[0m
[gazebo-2] [1;36mExiting postupdate worker thread ([0m[1;36m1[0m[1;36m)[0m[1;36m[0m
[gazebo-2] [1;36m[Dbg] [Sensors.cc:565] [0m[1;36mSensorsPrivate::Stop[0m[1;36m[0m
[INFO] [gazebo-2]: process has finished cleanly [pid 16244]
[ERROR] [rgbd_sensor_adapter-5]: process has died [pid 16247, exit code 1, cmd '/home/oy/cs625_p56_install/lib/cs625_sensor_adapter/rgbd_sensor_adapter --ros-args -r __node:=cs625_sensor_adapter --params-file /tmp/launch_params_8brjjoe3 --params-file /tmp/launch_params_vj0pe843'].
[ERROR] [candidate_generator-6]: process has died [pid 16249, exit code 1, cmd '/home/oy/cs625_p56_install/lib/cs625_view_generation/candidate_generator --ros-args -r __node:=cs625_candidate_generator --params-file /tmp/launch_params_rzxekhos'].
[ERROR] [reachability_filter-7]: process has died [pid 16250, exit code 1, cmd '/home/oy/cs625_p56_install/lib/cs625_motion_adapter/reachability_filter --ros-args -r __node:=cs625_reachability_filter --params-file /tmp/launch_params_8jm_3rbb'].
